patch	network
1	116
2	116
3	70
4	70
5	70
6	70
7	70
8	70
9	70
10	70
11	70
12	70
13	70
15	70
16	70
17	70
20	66
21	66
23	66
24	66
25	66
27	66
29	66
30	66
31	66
32	66
33	66
35	66
36	66
38	91
39	66
40	66
41	66
42	66
43	66
44	110
45	110
46	110
47	91
48	66
49	66
50	66
51	66
52	66
54	66
55	66
56	66
57	66
58	66
59	66
60	66
61	66
63	66
65	66
68	66
70	5
71	5
72	5
73	5
74	5
75	5
76	5
77	116
79	116
80	5
81	5
83	5
84	108
85	25
86	25
87	25
88	25
89	25
90	25
91	39
93	39
94	25
96	25
97	25
98	25
99	25
102	25
103	25
104	25
105	25
107	25
108	25
109	25
110	25
111	25
112	25
113	25
114	25
115	25
116	25
117	25
118	31
119	31
120	31
121	70
122	31
123	31
124	31
125	31
126	11
127	85
128	85
129	11
130	91
131	39
132	22
133	107
134	107
135	107
136	22
137	22
138	22
139	22
141	8
142	8
143	8
145	22
147	22
148	22
149	22
150	22
152	22
153	22
154	22
155	22
156	22
157	22
158	22
159	92
161	8
163	8
165	65
166	65
167	65
168	92
169	65
170	8
171	8
172	65
173	65
174	65
175	65
176	65
177	65
178	65
179	65
180	65
181	65
182	65
183	65
184	65
185	65
186	65
187	65
189	65
190	65
191	65
192	65
193	65
194	65
195	82
196	3
197	3
198	2
199	2
200	2
202	2
204	2
205	2
206	2
207	2
208	2
209	2
210	2
211	2
212	3
213	3
214	3
215	3
216	2
217	2
218	2
219	2
222	2
223	2
224	54
226	54
228	74
229	74
231	74
233	77
235	77
236	77
237	74
238	74
239	74
240	74
241	74
242	74
243	77
244	74
246	74
247	74
248	74
249	74
250	74
251	74
252	74
253	74
254	74
258	74
260	74
262	74
263	74
265	74
266	74
269	74
270	74
271	74
272	74
273	74
274	77
275	74
276	74
278	74
279	74
282	74
283	74
284	51
285	51
287	7
288	7
289	87
290	7
291	7
292	71
293	32
294	105
295	69
296	98
297	98
298	76
299	2
300	76
303	41
304	41
305	114
308	114
309	114
310	41
311	41
312	28
313	105
314	28
316	68
317	106
318	106
319	106
320	106
321	106
323	106
324	106
325	106
326	106
327	106
328	106
329	106
330	106
331	106
332	106
333	106
334	80
336	80
337	80
338	80
339	80
340	80
341	83
342	80
343	80
344	80
345	80
346	122
347	122
348	122
349	122
350	122
351	72
352	72
353	72
355	72
356	72
357	72
358	72
360	72
361	72
362	76
363	55
364	55
365	55
366	2
367	55
368	55
369	55
370	55
371	55
372	55
373	55
374	55
375	55
376	55
377	17
378	64
379	17
381	17
383	17
384	17
385	17
386	17
387	70
389	17
390	17
391	17
392	17
393	17
395	55
396	55
397	55
399	17
400	17
401	17
402	17
403	17
404	17
405	17
406	17
407	17
409	17
410	17
411	17
412	17
413	17
415	17
416	17
417	17
418	17
419	17
421	17
423	83
424	17
426	14
427	83
428	10
429	5
430	5
432	17
433	17
434	17
436	17
437	17
438	17
439	17
440	17
441	17
442	17
444	17
445	17
446	17
447	17
448	1
449	1
451	1
452	1
453	35
454	35
456	29
457	29
458	29
459	2
460	49
461	49
462	83
463	83
464	58
465	14
466	14
467	14
468	14
469	14
470	14
471	14
472	72
473	72
474	72
475	72
476	76
477	58
478	19
479	83
480	58
481	58
482	58
483	58
485	17
487	25
488	17
490	17
491	1
492	1
493	1
494	1
499	23
500	9
501	18
502	18
503	75
504	12
505	121
506	113
507	114
508	98
509	2
510	2
511	2
514	66
515	66
516	53
517	66
518	74
520	78
521	78
522	78
523	78
525	78
526	78
527	78
529	66
530	78
531	78
532	78
533	78
534	78
535	78
536	78
537	45
538	93
539	93
540	93
541	78
542	45
544	45
545	45
546	45
547	45
548	45
549	45
550	45
551	10
552	47
554	10
555	47
556	47
557	47
558	47
560	10
561	47
564	74
566	97
567	97
568	97
569	100
570	10
571	100
572	10
573	10
575	10
576	10
578	10
579	10
580	10
581	59
582	59
584	10
585	10
586	10
587	10
588	10
589	47
592	2
594	10
595	10
597	10
598	10
599	10
600	10
601	10
602	10
605	10
606	10
607	10
608	10
609	10
610	10
611	25
613	74
614	25
615	25
617	25
618	25
619	25
621	25
622	25
623	25
624	25
625	25
626	25
627	25
628	4
629	4
630	4
631	4
633	4
634	4
635	39
636	39
637	39
639	4
640	61
641	61
642	34
644	25
645	34
646	34
647	34
648	34
649	34
650	34
651	34
652	4
653	34
654	34
655	34
656	34
657	4
659	4
660	4
661	4
662	4
663	6
664	6
665	6
666	6
669	74
672	6
673	6
674	6
675	6
676	6
678	6
679	6
680	6
681	6
682	6
683	6
686	6
687	6
688	39
689	3
690	39
691	39
692	39
693	39
695	39
696	39
697	39
700	53
701	53
702	53
703	3
705	77
706	77
707	77
708	77
709	77
710	77
711	77
712	77
713	77
714	77
715	77
716	77
717	16
718	77
721	77
722	77
724	74
726	77
727	77
728	77
729	77
730	77
732	77
733	77
734	124
735	124
736	124
737	52
739	52
740	103
742	52
743	52
744	2
745	2
746	35
747	35
749	35
750	35
751	35
752	35
753	35
754	35
755	35
756	35
757	35
758	65
759	35
760	35
761	35
762	35
763	35
764	35
765	35
766	35
767	35
768	35
769	35
771	35
772	35
773	65
774	35
776	29
777	29
778	29
780	29
781	29
782	29
784	29
785	29
790	29
791	57
792	57
793	29
794	29
795	29
796	29
797	29
798	29
799	29
800	29
801	29
802	29
803	29
804	29
805	29
806	29
807	66
810	53
811	53
812	53
813	53
814	53
815	53
816	53
817	53
818	53
819	50
820	50
821	29
822	29
823	29
826	29
827	29
828	50
829	57
831	76
832	76
833	76
834	58
836	58
837	58
838	58
839	58
840	58
841	58
843	58
844	8
845	8
846	8
847	8
848	65
849	8
850	8
851	14
852	83
853	83
854	83
855	83
856	83
857	83
858	58
859	58
860	58
861	58
862	58
863	58
864	83
865	58
866	58
867	58
868	58
869	58
870	58
871	58
872	58
873	58
874	58
875	109
876	109
877	109
878	82
879	109
880	58
882	109
883	49
884	14
885	14
886	14
887	82
888	109
889	75
890	82
891	75
893	75
894	75
896	75
897	75
898	75
902	75
903	75
904	75
905	75
906	101
907	75
908	75
909	12
911	46
912	46
913	121
917	30
918	30
919	30
920	30
921	113
922	113
923	113
924	30
926	113
927	24
928	24
929	24
930	12
931	75
933	75
934	75
935	75
937	16
938	75
939	1
940	1
941	1
942	1
943	1
944	1
945	82
946	1
947	1
948	1
949	1
950	82
951	1
952	1
953	1
954	1
955	1
956	1
958	1
959	1
960	1
961	56
962	56
963	1
964	1
965	1
966	56
967	56
968	56
969	56
972	56
973	56
975	9
976	9
977	9
978	9
979	17
980	9
981	9
982	9
984	9
985	9
986	9
987	116
990	110
993	5
997	25
999	25
1000	25
1001	4
1002	4
1003	34
1004	22
1005	19
1006	22
1007	6
1008	6
1009	6
1011	6
1012	39
1013	53
1014	92
1016	81
1017	65
1018	65
1019	65
1020	2
1021	2
1022	2
1023	2
1025	77
1026	77
1027	52
1028	57
1030	45
1031	57
1032	57
1033	53
1034	53
1035	53
1036	32
1037	32
1038	32
1039	76
1040	41
1041	41
1042	32
1043	28
1045	105
1047	10
1049	59
1051	10
1052	45
1053	45
1054	2
1056	78
1057	78
1058	78
1059	55
1060	55
1062	55
1063	55
1064	17
1066	55
1067	55
1068	55
1069	17
1071	66
1073	25
1074	31
1076	6
1077	6
1078	65
1079	65
1080	65
1081	65
1082	3
1083	3
1084	35
1085	55
1086	55
1087	2
1088	23
1089	2
1090	2
1091	2
1093	74
1094	74
1095	74
1096	99
1097	99
1099	34
1101	34
1102	34
1103	34
1104	34
1105	34
1107	34
1109	34
1113	34
1115	1
1116	1
1117	1
1118	16
1120	1
1121	1
1122	1
1123	1
1124	1
1125	1
1126	1
1127	1
1128	1
1129	1
1130	1
1132	1
1134	1
1135	1
1136	15
1137	15
1140	15
1141	23
1142	23
1143	23
1144	23
1145	23
1146	23
1147	23
1149	3
1150	3
1151	3
1152	23
1153	23
1155	23
1157	23
1158	3
1159	2
1160	3
1161	23
1162	23
1163	23
1164	23
1165	3
1166	18
1167	18
1168	23
1169	23
1170	23
1171	23
1172	23
1174	23
1175	23
1176	23
1177	23
1178	23
1179	3
1180	23
1183	23
1184	18
1186	3
1187	23
1188	23
1189	23
1190	3
1192	23
1193	23
1194	23
1195	23
1196	23
1197	18
1198	18
1199	18
1200	18
1201	18
1202	18
1203	18
1204	18
1206	18
1207	18
1208	119
1210	119
1212	9
1213	9
1215	9
1216	9
1219	9
1220	9
1221	9
1222	9
1223	95
1224	95
1225	95
1226	13
1227	13
1228	13
1229	13
1230	13
1231	13
1233	13
1234	13
1235	13
1236	13
1237	13
1238	13
1239	13
1240	13
1241	13
1242	13
1243	13
1244	13
1245	13
1248	13
1249	13
1250	13
1251	13
1252	13
1253	13
1255	13
1256	13
1258	94
1259	94
1260	94
1261	94
1262	94
1263	94
1264	94
1265	94
1266	38
1267	38
1268	38
1269	13
1271	13
1272	13
1273	13
1274	13
1276	13
1279	13
1280	13
1281	13
1282	13
1283	13
1284	13
1285	13
1286	38
1287	38
1288	13
1289	13
1290	13
1291	13
1292	13
1294	13
1295	13
1296	13
1297	13
1298	13
1300	13
1301	13
1302	13
1303	13
1304	13
1305	13
1306	13
1307	13
1309	13
1310	13
1311	13
1313	13
1314	13
1315	13
1316	13
1317	13
1319	13
1320	13
1321	13
1322	36
1323	36
1324	36
1325	36
1326	36
1327	36
1328	36
1329	36
1331	36
1332	36
1333	36
1334	36
1335	36
1336	36
1337	36
1338	36
1339	36
1340	36
1341	36
1342	36
1343	36
1345	36
1346	36
1348	36
1349	36
1350	36
1351	36
1352	36
1353	36
1354	104
1355	104
1357	21
1358	21
1359	21
1360	21
1361	21
1362	26
1363	26
1364	26
1365	26
1366	26
1367	26
1368	26
1369	26
1370	26
1371	26
1372	26
1373	26
1374	26
1375	26
1377	34
1378	31
1379	34
1380	34
1381	34
1384	34
1385	34
1386	34
1387	34
1389	34
1391	34
1393	34
1394	34
1395	34
1397	34
1398	34
1400	34
1401	34
1402	34
1403	34
1404	34
1405	34
1406	34
1408	34
1410	61
1411	61
1412	61
1413	61
1414	34
1415	34
1416	34
1417	34
1420	34
1423	34
1424	34
1425	102
1427	102
1428	102
1429	102
1430	44
1431	44
1432	44
1433	44
1434	44
1435	44
1436	44
1437	44
1438	44
1439	44
1440	44
1442	44
1443	44
1444	44
1445	44
1446	118
1447	118
1448	118
1449	118
1450	118
1451	118
1452	118
1453	118
1454	118
1455	118
1456	118
1457	118
1458	118
1459	118
1460	118
1461	118
1462	118
1463	118
1464	118
1465	118
1466	118
1467	118
1468	118
1469	118
1470	118
1471	118
1472	118
1473	118
1474	118
1475	118
1476	118
1477	118
1478	118
1479	118
1480	118
1481	118
1482	118
1483	118
1484	118
1485	118
1486	118
1487	118
1488	118
1489	118
1490	118
1491	118
1492	118
1493	118
1494	118
1495	118
1496	118
1497	118
1498	118
1499	118
1500	118
1501	118
1502	118
1503	118
1504	118
1505	118
1506	118
1507	118
1508	118
1509	118
1510	77
1512	77
1513	74
1514	44
1515	32
1516	114
1518	29
1519	57
1520	72
1521	1
1522	1
1526	17
1527	1
1528	75
1529	36
1530	21
1532	23
1533	23
1534	9
1535	26
1536	9
1537	9
1538	9
1539	56
1541	17
1542	77
1543	74
1547	6
1549	65
1550	74
1551	74
1552	74
1553	17
1554	58
1555	58
1556	65
1557	25
1558	65
1561	82
1562	82
1563	82
1564	82
1565	82
1566	70
1567	55
1570	74
1572	16
1573	35
1575	34
1576	58
1578	65
1579	65
1581	77
1583	31
1584	31
1585	31
1586	2
1587	2
1588	2
1589	8
1591	9
1593	74
1594	74
1595	114
1596	14
1597	14
1599	30
1601	1
1602	65
1603	65
1604	65
1605	65
1606	2
1607	2
1608	2
1609	2
1610	18
1611	77
1612	77
1613	74
1614	14
1615	13
1616	13
1617	13
1619	2
1621	8
1622	8
1623	16
1624	16
1625	82
1626	82
1627	82
1628	82
1630	53
1631	83
1632	42
1633	47
1634	47
1636	8
1637	26
1638	80
1639	22
1640	47
1641	47
1642	47
1643	10
1645	31
1646	10
1648	10
1649	10
1650	3
1652	10
1654	10
1655	10
1656	10
1658	74
1660	74
1663	107
1664	6
1665	107
1666	56
1667	45
1668	45
1669	45
1670	45
1672	45
1673	45
1674	45
1675	45
1676	45
1677	45
1679	77
1682	53
1683	53
1684	25
1688	82
1689	82
1692	1
1693	1
1694	11
1695	11
1700	66
1701	2
1703	66
1704	11
1705	31
1706	31
1707	74
1708	70
1709	70
1710	41
1711	41
1712	41
1713	41
1714	75
1715	74
1716	74
1717	74
1718	74
1719	74
1720	74
1721	21
1723	31
1724	58
1725	66
1726	10
1728	2
1729	74
1732	80
1734	108
1736	106
1738	44
1741	3
1743	65
1744	77
1745	14
1746	83
1747	14
1748	83
1749	83
1750	49
1752	9
1754	9
1756	17
1757	55
1758	95
1759	75
1760	75
1762	21
1763	13
1764	13
1765	13
1766	13
1767	2
1768	2
1769	2
1770	74
1771	74
1772	74
1773	74
1774	77
1775	77
1776	77
1778	16
1780	16
1784	16
1785	16
1786	16
1788	16
1790	16
1791	16
1792	16
1793	123
1794	123
1799	123
1800	123
1801	123
1803	123
1805	16
1806	16
1807	82
1808	82
1809	82
1810	82
1812	82
1813	82
1816	82
1818	82
1820	16
1821	82
1823	82
1824	82
1826	82
1829	82
1830	82
1831	82
1832	82
1834	82
1835	82
1836	82
1837	82
1838	82
1839	82
1840	65
1841	82
1843	82
1844	82
1845	82
1846	82
1847	82
1848	3
1849	3
1851	3
1852	3
1853	65
1854	65
1855	65
1856	65
1859	65
1860	3
1861	3
1862	3
1863	3
1865	3
1867	3
1868	3
1869	3
1871	77
1872	77
1875	16
1876	77
1879	77
1882	77
1883	77
1884	77
1885	77
1886	77
1888	77
1889	77
1890	77
1891	77
1892	77
1893	77
1894	77
1895	77
1897	77
1898	77
1900	77
1901	77
1902	77
1905	77
1906	77
1907	77
1908	77
1909	77
1910	77
1911	77
1912	77
1913	77
1915	77
1916	77
1918	77
1919	77
1920	124
1921	124
1922	124
1923	124
1924	124
1925	124
1926	124
1927	124
1928	124
1929	124
1930	124
1931	8
1932	8
1933	8
1934	8
1935	8
1936	8
1938	2
1939	2
1940	2
1941	2
1942	2
1943	2
1944	2
1946	2
1947	2
1948	3
1950	3
1951	2
1952	2
1953	2
1954	2
1955	2
1956	2
1958	2
1959	2
1960	2
1961	2
1962	8
1963	8
1964	8
1965	8
1966	65
1968	65
1970	65
1971	65
1973	65
1974	65
1975	65
1977	65
1978	65
1980	65
1981	65
1982	65
1983	65
1984	65
1985	65
1986	65
1989	65
1990	65
1991	65
1993	65
1995	65
1996	65
1997	65
1998	65
1999	65
2000	65
2001	65
2002	65
2003	65
2004	65
2005	65
2006	65
2007	65
2009	65
2010	65
2011	65
2012	65
2014	65
2016	65
2017	65
2018	92
2021	51
2023	74
2024	74
2025	74
2027	74
2029	74
2031	74
2032	74
2033	74
2034	74
2035	74
2037	74
2038	74
2040	74
2041	74
2042	74
2043	74
2044	74
2046	74
2047	74
2048	74
2049	74
2050	74
2051	74
2052	74
2053	74
2054	74
2055	74
2056	74
2057	74
2058	74
2059	74
2060	74
2061	74
2063	74
2064	74
2068	77
2069	77
2070	77
2071	77
2072	77
2073	77
2075	77
2076	77
2077	77
2079	74
2080	74
2081	74
2082	74
2085	77
2086	77
2087	77
2089	77
2090	77
2091	77
2093	74
2094	74
2095	74
2097	74
2098	74
2099	74
2100	74
2101	77
2102	77
2103	77
2104	74
2105	74
2106	74
2107	74
2108	74
2110	74
2111	74
2112	74
2113	74
2115	74
2117	74
2118	74
2119	74
2120	2
2121	2
2122	2
2124	2
2127	54
2128	54
2129	54
2130	54
2132	54
2134	54
2135	54
2136	54
2137	54
2138	54
2139	2
2140	2
2141	2
2143	2
2144	2
2145	2
2148	3
2149	3
2151	3
2152	3
2153	2
2155	2
2156	2
2157	2
2158	2
2159	2
2160	2
2161	2
2162	2
2164	2
2165	2
2166	2
2167	2
2168	2
2169	2
2170	2
2171	2
2172	2
2173	2
2174	2
2175	2
2177	2
2178	2
2179	2
2180	2
2181	2
2182	2
2183	2
2186	8
2187	8
2188	8
2189	8
2190	8
2191	8
2192	8
2193	8
2194	8
2195	8
2196	93
2197	93
2198	93
2199	93
2200	42
2202	42
2203	42
2204	47
2207	47
2208	47
2209	47
2212	47
2215	47
2216	47
2217	47
2218	47
2219	47
2220	10
2223	10
2224	10
2225	10
2227	10
2228	10
2229	10
2230	10
2231	10
2232	10
2233	10
2234	10
2235	10
2236	10
2237	10
2238	10
2239	10
2241	10
2242	10
2244	10
2245	10
2246	100
2247	100
2248	100
2250	97
2251	97
2252	97
2253	97
2255	10
2256	10
2257	10
2258	96
2259	96
2260	96
2261	2
2262	2
2264	2
2265	2
2266	2
2267	2
2268	2
2271	74
2273	51
2274	74
2276	74
2277	74
2278	74
2279	74
2282	96
2283	96
2284	96
2285	27
2286	27
2287	13
2288	13
2289	13
2291	13
2292	13
2293	13
2294	13
2295	13
2297	10
2298	10
2299	10
2300	10
2302	10
2304	10
2305	10
2306	10
2307	10
2309	10
2310	10
2311	74
2312	10
2313	16
2314	106
2315	74
2316	74
2317	124
2318	124
2319	124
2320	77
2321	77
2322	77
2323	77
2324	77
2326	3
2328	65
2329	74
2330	65
2331	13
2334	13
2335	13
2337	13
2338	13
2339	13
2340	13
2341	13
2342	13
2343	13
2344	13
2345	13
2346	13
2347	13
2348	13
2349	13
2351	13
2352	13
2353	13
2354	13
2356	38
2357	38
2359	38
2360	38
2361	38
2362	38
2363	38
2364	38
2365	38
2366	38
2367	38
2368	38
2371	94
2373	94
2374	94
2375	94
2376	94
2377	94
2378	94
2379	94
2380	13
2383	13
2386	13
2387	13
2388	13
2390	13
2391	13
2392	13
2393	13
2394	13
2395	13
2396	13
2397	13
2399	13
2400	13
2401	13
2404	13
2405	13
2406	13
2408	13
2409	13
2410	13
2411	13
2412	13
2413	13
2414	13
2415	13
2416	13
2417	13
2418	13
2419	13
2420	13
2421	13
2422	13
2423	104
2424	104
2425	104
2426	104
2427	104
2428	104
2429	104
2431	21
2432	21
2433	21
2434	21
2436	21
2437	21
2439	21
2440	21
2441	21
2442	21
2443	21
2444	21
2445	21
2446	88
2447	88
2448	88
2450	21
2451	21
2452	21
2453	21
2454	21
2455	21
2456	21
2457	21
2458	21
2460	21
2461	21
2462	21
2463	21
2464	21
2465	21
2467	21
2468	21
2469	21
2470	21
2471	36
2472	36
2473	36
2474	36
2475	36
2476	36
2477	36
2478	36
2479	36
2480	36
2481	36
2482	36
2483	36
2484	36
2485	36
2486	36
2487	36
2488	36
2489	36
2490	36
2491	36
2493	36
2499	36
2501	36
2503	36
2505	36
2508	36
2509	36
2510	36
2511	36
2512	36
2513	36
2514	36
2515	36
2516	36
2517	36
2518	36
2520	36
2521	36
2522	36
2523	21
2524	21
2525	21
2526	21
2527	63
2528	63
2529	63
2530	63
2531	63
2532	63
2533	63
2534	63
2535	63
2536	63
2538	13
2539	27
2540	27
2541	95
2542	95
2543	95
2544	95
2545	95
2546	95
2547	95
2548	95
2550	95
2551	95
2553	95
2554	95
2555	95
2557	95
2559	20
2560	20
2561	20
2563	20
2564	20
2566	20
2568	20
2569	20
2570	20
2571	20
2572	20
2573	55
2574	55
2576	55
2577	55
2578	55
2579	55
2583	55
2586	55
2587	55
2589	55
2590	55
2591	55
2592	20
2594	20
2595	20
2596	55
2597	55
2598	55
2601	55
2602	55
2603	55
2604	55
2605	55
2606	55
2607	55
2608	55
2609	55
2610	55
2612	55
2613	55
2614	55
2619	55
2620	55
2621	55
2624	64
2625	17
2627	17
2628	55
2629	64
2630	64
2633	17
2635	17
2636	64
2637	64
2638	64
2639	64
2640	64
2641	64
2642	64
2644	64
2649	17
2652	17
2653	17
2656	17
2659	17
2660	17
2661	17
2662	17
2663	17
2665	17
2666	17
2668	17
2669	17
2670	17
2671	17
2672	17
2673	17
2674	17
2675	17
2677	17
2679	17
2680	17
2681	17
2682	17
2683	17
2684	17
2685	17
2686	17
2687	55
2688	55
2689	55
2691	17
2692	17
2693	17
2694	17
2695	17
2697	17
2699	17
2700	17
2701	17
2702	17
2703	17
2704	17
2705	17
2706	17
2708	55
2709	55
2712	55
2713	55
2714	55
2715	55
2716	55
2717	55
2718	55
2719	55
2720	55
2721	55
2722	55
2723	55
2724	55
2725	55
2728	55
2729	55
2732	55
2739	17
2740	17
2741	17
2746	17
2747	17
2748	17
2752	17
2753	17
2754	17
2755	17
2756	17
2757	17
2758	17
2759	17
2760	17
2761	17
2763	17
2765	17
2770	17
2772	17
2773	17
2774	1
2775	1
2776	1
2777	1
2779	1
2780	1
2781	1
2782	1
2783	1
2785	1
2786	1
2787	1
2788	1
2790	1
2791	1
2793	1
2794	1
2795	1
2796	1
2797	1
2800	1
2802	1
2803	1
2804	1
2807	1
2809	1
2810	1
2811	1
2813	1
2814	1
2815	1
2816	1
2817	1
2818	1
2819	1
2820	1
2821	1
2822	1
2824	1
2826	1
2827	1
2828	1
2829	1
2832	1
2833	1
2834	1
2835	1
2836	1
2838	1
2840	1
2844	1
2845	1
2846	1
2847	1
2848	1
2849	1
2850	1
2851	1
2852	1
2854	121
2856	121
2860	121
2861	121
2866	30
2867	30
2868	30
2870	30
2871	30
2872	30
2874	30
2875	30
2876	30
2878	30
2879	30
2881	30
2882	30
2883	30
2884	30
2885	30
2886	79
2887	79
2890	79
2891	56
2892	56
2893	56
2894	56
2897	74
2898	74
2899	74
2900	74
2901	74
2902	77
2904	77
2905	77
2906	65
2907	17
2908	65
2909	65
2910	65
2911	26
2913	9
2915	7
2916	7
2917	7
2918	7
2919	7
2921	7
2922	7
2923	87
2924	87
2925	87
2926	87
2927	87
2928	87
2929	87
2931	87
2933	87
2934	87
2935	87
2936	87
2937	87
2940	87
2941	87
2942	87
2943	87
2944	87
2945	87
2946	87
2947	87
2948	87
2949	87
2950	87
2951	87
2952	87
2953	87
2954	87
2955	7
2956	7
2957	7
2958	7
2959	7
2960	7
2961	7
2962	7
2963	7
2964	7
2965	7
2966	7
2967	7
2968	7
2969	7
2970	7
2972	7
2973	7
2974	7
2975	7
2976	7
2977	7
2979	7
2980	7
2981	7
2982	7
2983	7
2984	7
2985	7
2986	7
2988	7
2989	7
2990	87
2991	7
2992	7
2993	7
2994	71
2995	71
2996	111
2997	111
2998	111
3000	111
3001	111
3002	111
3003	111
3004	111
3005	111
3006	111
3007	111
3008	111
3009	111
3010	37
3011	37
3013	37
3014	37
3015	37
3016	37
3018	37
3021	37
3022	37
3023	37
3024	37
3025	71
3026	71
3027	71
3028	71
3029	71
3030	71
3031	71
3032	71
3033	71
3034	71
3035	71
3036	71
3037	71
3039	71
3040	129
3041	71
3042	71
3043	71
3044	71
3045	71
3046	71
3047	71
3048	71
3049	71
3050	71
3051	71
3052	73
3053	73
3054	73
3055	73
3056	73
3057	73
3058	7
3060	73
3061	73
3062	73
3063	73
3064	73
3065	73
3066	73
3068	73
3069	73
3070	73
3071	73
3072	73
3073	103
3074	103
3075	103
3076	103
3077	103
3078	103
3080	103
3083	103
3084	103
3085	103
3086	103
3087	103
3090	103
3091	103
3092	52
3093	52
3094	52
3095	52
3096	52
3097	52
3098	52
3099	52
3100	52
3101	52
3102	52
3103	52
3104	52
3105	52
3106	51
3107	51
3108	51
3110	51
3111	51
3113	51
3115	51
3116	51
3117	51
3118	51
3119	51
3120	51
3121	51
3122	51
3123	51
3124	51
3125	51
3127	51
3128	51
3130	51
3131	51
3132	99
3133	99
3134	99
3135	99
3136	99
3137	99
3138	99
3141	99
3143	99
3144	99
3146	99
3147	99
3148	99
3151	99
3153	52
3154	52
3155	52
3156	52
3157	52
3159	52
3160	52
3161	52
3165	52
3166	52
3167	52
3168	52
3170	52
3171	10
3172	97
3174	97
3175	97
3176	59
3177	10
3178	42
3179	47
3180	10
3181	97
3182	97
3183	97
3184	97
3185	78
3186	78
3187	78
3188	78
3189	78
3190	78
3192	5
3193	5
3194	61
3195	25
3196	25
3197	25
3198	25
3199	108
3200	108
3201	108
3202	108
3203	108
3204	4
3205	39
3206	4
3207	34
3208	34
3210	92
3211	81
3212	81
3213	92
3214	92
3215	92
3216	81
3217	92
3218	92
3219	92
3220	81
3222	81
3223	81
3224	81
3225	81
3226	81
3227	81
3228	81
3229	81
3230	65
3231	82
3232	65
3233	65
3234	65
3236	65
3237	65
3238	16
3239	81
3241	92
3245	92
3246	81
3248	3
3251	74
3254	52
3256	51
3257	87
3258	7
3260	53
3262	58
3263	106
3265	26
3266	26
3267	26
3268	23
3269	23
3271	15
3272	26
3273	9
3274	1
3275	1
3276	1
3280	94
3281	13
3282	44
3283	44
3285	9
3286	9
3287	15
3288	15
3289	15
3290	15
3292	15
3293	15
3294	15
3295	15
3296	15
3297	15
3298	23
3299	23
3300	61
3301	130
3302	61
3303	61
3304	61
3305	61
3307	61
3308	61
3310	61
3313	34
3318	34
3319	34
3320	4
3321	4
3322	4
3323	4
3324	89
3325	106
3326	106
3328	106
3332	55
3333	55
3334	17
3335	122
3336	114
3337	76
3339	76
3340	83
3341	83
3342	32
3343	83
3344	83
3345	83
3346	76
3347	109
3348	76
3349	76
3350	5
3351	5
3353	5
3354	5
3357	5
3358	5
3359	5
3361	5
3362	5
3363	5
3364	5
3365	5
3368	5
3369	5
3372	5
3373	5
3374	108
3375	108
3376	5
3377	25
3378	25
3379	116
3380	116
3381	116
3382	116
3383	116
3385	70
3387	70
3388	70
3389	70
3392	9
3393	106
3394	9
3396	26
3398	83
3399	55
3400	48
3401	23
3404	23
3406	23
3407	23
3408	23
3409	23
3411	23
3418	23
3419	23
3424	18
3425	18
3426	18
3427	18
3429	18
3430	18
3431	18
3432	18
3433	18
3434	18
3435	18
3436	18
3437	18
3438	18
3440	119
3442	9
3445	9
3446	9
3447	9
3448	9
3449	9
3450	9
3451	9
3452	9
3453	9
3454	9
3456	9
3457	9
3459	9
3460	9
3461	9
3462	9
3463	9
3467	9
3469	9
3470	9
3471	9
3472	9
3477	9
3481	9
3483	9
3485	9
3488	26
3489	26
3491	26
3496	26
3497	26
3498	26
3500	26
3501	26
3502	26
3503	26
3504	26
3505	58
3508	80
3509	122
3510	122
3511	122
3512	72
3513	58
3514	122
3515	122
3516	122
3517	122
3518	14
3521	14
3523	14
3525	14
3527	14
3528	14
3529	14
3530	14
3531	14
3532	14
3533	14
3534	14
3537	14
3538	14
3541	14
3543	72
3544	58
3545	58
3546	58
3547	58
3550	58
3551	58
3552	58
3553	58
3555	109
3556	49
3557	109
3558	49
3559	109
3562	8
3563	8
3564	8
3565	126
3566	126
3568	126
3569	8
3570	8
3571	8
3572	8
3577	8
3578	8
3579	8
3580	8
3582	8
3583	83
3586	83
3587	83
3588	83
3589	83
3590	49
3591	86
3592	83
3594	83
3596	83
3597	83
3598	83
3599	83
3600	83
3601	83
3602	83
3603	83
3604	83
3606	83
3607	14
3608	83
3610	83
3612	83
3613	83
3614	83
3615	83
3616	83
3617	83
3618	83
3619	83
3620	83
3621	83
3622	83
3623	83
3624	10
3625	47
3626	10
3627	45
3628	45
3629	45
3630	45
3631	105
3632	59
3633	59
3634	59
3635	59
3636	78
3637	78
3639	91
3640	66
3642	66
3643	66
3645	66
3646	131
3647	46
3648	46
3650	67
3651	46
3652	46
3653	44
3654	44
3655	44
3656	44
3658	44
3659	44
3660	44
3661	46
3662	46
3663	46
3664	90
3666	90
3668	90
3669	46
3670	67
3671	12
3672	12
3673	12
3674	12
3675	12
3676	12
3677	12
3678	12
3679	44
3680	44
3681	44
3682	44
3683	44
3684	44
3685	44
3686	44
3687	44
3688	44
3705	40
3706	40
3707	40
3708	40
3709	40
3710	40
3711	40
3712	40
3713	40
3714	43
3715	43
3716	43
3717	43
3718	43
3719	43
3720	127
3721	127
3722	40
3723	43
3724	60
3725	43
3726	43
3727	43
3728	43
3729	43
3730	60
3731	29
3732	31
3735	10
3736	70
3737	70
3738	70
3739	70
3740	70
3741	70
3742	70
3743	70
3744	70
3745	70
3746	70
3748	70
3749	70
3750	70
3752	70
3753	70
3754	70
3756	70
3758	70
3761	70
3762	70
3764	128
3766	128
3768	66
3769	66
3770	66
3771	66
3773	66
3774	66
3775	66
3777	66
3778	53
3779	4
3780	25
3782	5
3784	22
3785	39
3791	82
3792	101
3793	101
3794	101
3796	48
3797	36
3798	13
3799	13
3800	13
3801	34
3804	7
3805	7
3806	75
3807	75
3900	56
3902	1
3903	1
3904	1
3905	1
3906	1
3910	1
3911	18
3913	23
3914	1
3915	1
3916	1
3917	1
3918	17
3920	1
3922	17
3923	17
3924	17
3926	17
3927	17
3929	17
3930	17
3932	23
3934	17
3936	113
3938	15
3939	48
3940	23
3950	8
3951	8
3952	8
3953	8
3954	2
3955	2
3956	2
3957	2
3959	11
3960	4
3961	22
3963	22
3965	70
3966	22
3967	11
3969	77
3970	80
3973	18
3974	9
3976	9
3977	101
3978	101
3979	75
3980	75
3981	102
3982	102
3983	102
3984	102
3985	13
3988	13
3990	13
3991	75
3992	75
4000	80
4002	81
4003	81
4004	81
4005	81
4006	81
4008	81
4009	81
4010	115
4011	115
4013	11
4014	11
4015	11
4016	11
4018	11
4019	11
4020	11
4021	85
4022	85
4024	85
4025	11
4026	11
4027	11
4028	11
4029	11
4030	11
4032	31
4033	31
4034	31
4035	31
4036	31
4037	31
4038	31
4040	31
4041	31
4042	31
4043	31
4044	11
4045	11
4046	31
4047	31
4048	31
4049	31
4050	31
4051	31
4052	31
4054	31
4056	31
4057	31
4058	31
4059	31
4060	31
4061	31
4062	31
4065	85
4068	22
4069	22
4070	22
4071	22
4073	22
4074	22
4075	22
4077	22
4078	22
4080	22
4082	22
4085	22
4086	22
4087	22
4088	89
4089	89
4090	89
4091	89
4093	89
4095	34
4096	33
4098	33
4099	33
4100	33
4101	33
4102	33
4103	33
4104	33
4105	31
4107	31
4108	31
4109	92
4111	92
4112	92
4115	92
4116	33
4117	33
4118	31
4119	31
4120	31
4122	22
4124	22
4125	22
4126	22
4127	22
4129	22
4132	22
4133	22
4134	22
4136	22
4137	22
4138	22
4139	22
4141	22
4142	22
4143	22
4144	22
4145	22
4146	22
4150	22
4153	22
4154	22
4155	22
4158	22
4160	22
4161	22
4162	22
4163	22
4164	22
4165	22
4166	22
4167	22
4169	22
4170	22
4171	22
4172	22
4173	22
4174	22
4175	22
4176	22
4177	22
4178	22
4179	22
4180	22
4181	22
4182	22
4183	8
4184	8
4185	22
4187	8
4188	8
4189	8
4190	39
4191	39
4192	39
4193	39
4195	39
4196	39
4198	39
4199	39
4200	39
4202	39
4203	39
4204	39
4205	39
4206	39
4207	4
4208	4
4209	4
4211	4
4212	4
4213	4
4215	4
4216	4
4217	4
4218	4
4219	4
4220	4
4221	4
4222	4
4223	4
4224	4
4225	4
4226	4
4227	107
4228	107
4229	107
4230	107
4231	107
4233	107
4234	107
4235	107
4236	107
4238	107
4239	107
4240	22
4241	22
4242	22
4243	22
4244	22
4245	22
4246	22
4248	107
4249	107
4250	107
4251	107
4252	107
4253	107
4255	107
4256	107
4258	107
4259	107
4260	107
4261	107
4262	107
4263	107
4264	107
4265	107
4266	107
4267	107
4268	107
4269	107
4270	107
4272	22
4273	6
4274	6
4275	6
4276	6
4277	6
4278	6
4279	6
4281	6
4283	6
4284	6
4285	6
4286	6
4289	6
4290	6
4291	6
4292	6
4293	6
4294	6
4296	6
4297	6
4298	6
4299	6
4300	6
4301	6
4302	6
4304	6
4305	6
4306	6
4307	6
4308	6
4309	6
4310	6
4311	6
4312	6
4313	6
4314	6
4315	6
4316	6
4317	73
4318	71
4319	71
4320	71
4321	71
4322	71
4323	71
4324	71
4325	7
4326	6
4328	6
4330	6
4331	6
4332	6
4333	6
4334	6
4335	6
4336	6
4337	6
4338	6
4339	6
4340	6
4341	6
4342	6
4343	6
4344	6
4345	6
4346	6
4347	6
4348	6
4349	6
4350	6
4353	6
4354	6
4355	6
4358	53
4359	53
4361	53
4362	84
4363	84
4364	84
4365	84
4366	84
4367	84
4369	84
4370	84
4371	84
4372	84
4373	84
4374	84
4375	84
4377	84
4378	84
4379	84
4380	84
4381	84
4382	84
4383	84
4384	84
4385	84
4386	84
4387	84
4388	84
4389	84
4390	39
4391	39
4392	39
4393	39
4394	39
4395	39
4396	39
4397	39
4398	70
4401	70
4402	70
4403	70
4404	70
4405	39
4406	39
4407	39
4409	39
4411	39
4412	39
4413	39
4414	39
4416	39
4417	39
4418	76
4419	76
4420	72
4421	72
4424	72
4425	72
4426	72
4427	72
4428	72
4429	72
4430	76
4431	76
4432	76
4433	76
4434	76
4435	76
4436	76
4437	76
4438	76
4439	76
4440	76
4442	98
4443	98
4444	98
4445	98
4447	98
4448	98
4449	98
4450	98
4451	32
4453	76
4454	76
4457	76
4458	76
4459	76
4462	41
4463	41
4464	41
4465	41
4466	41
4467	41
4469	41
4470	41
4472	41
4473	41
4474	41
4475	41
4476	41
4477	41
4478	41
4479	41
4480	41
4481	41
4483	41
4484	41
4485	41
4486	41
4487	41
4488	41
4489	41
4490	41
4491	114
4492	114
4493	114
4494	114
4495	114
4498	114
4500	114
4501	114
4502	114
4503	32
4504	32
4507	32
4508	32
4509	32
4510	32
4511	32
4512	32
4513	32
4515	32
4516	32
4517	32
4518	69
4519	69
4521	69
4524	69
4525	29
4526	29
4527	29
4528	29
4529	29
4531	29
4532	29
4534	53
4538	53
4539	53
4540	53
4541	53
4542	53
4543	53
4544	53
4546	53
4547	53
4549	70
4551	70
4553	70
4554	70
4555	70
4557	70
4565	70
4566	70
4567	70
4568	70
4570	70
4571	70
4572	70
4574	62
4575	62
4576	62
4577	29
4578	29
4579	29
4580	29
4581	29
4582	29
4583	29
4584	29
4585	50
4586	50
4587	50
4588	50
4589	50
4591	50
4592	50
4593	50
4595	66
4596	66
4598	66
4599	69
4601	69
4603	69
4604	69
4607	69
4609	69
4610	50
4611	29
4612	32
4615	28
4616	28
4618	28
4620	28
4621	28
4622	28
4623	68
4625	68
4626	68
4627	68
4628	68
4629	68
4631	68
4632	68
4633	68
4634	19
4635	19
4637	19
4639	19
4640	19
4641	83
4642	35
4643	35
4644	35
4645	35
4646	35
4647	35
4648	35
4649	53
4650	53
4651	50
4653	68
4655	29
4657	29
4658	35
4660	32
4661	32
4662	32
4663	32
4664	32
4667	57
4668	57
4670	57
4671	57
4672	57
4673	57
4674	50
4676	62
4677	62
4678	62
4679	62
4680	62
4681	62
4683	62
4684	68
4685	68
4686	68
4687	86
4692	32
4693	32
4696	29
4698	28
4699	28
4700	68
4701	68
4702	50
4703	50
4704	57
4706	48
4707	60
4708	60
4709	60
4710	60
4711	60
4712	60
4713	60
4714	60
4715	60
4716	60
4717	60
4718	60
4719	60
4720	60
4721	60
4722	60
4723	60
4724	60
4725	60
4726	60
4727	60
4728	60
4729	60
4730	60
4731	60
4732	60
4733	60
4734	60
4735	60
4736	60
4737	60
4738	60
4739	60
4740	60
4741	60
4742	60
4743	60
4744	60
4745	60
4746	60
4747	60
4748	60
4749	60
4750	60
4751	60
4752	60
4753	60
4754	60
4755	60
4756	60
4757	60
4758	60
4759	60
4760	60
4761	60
4762	60
4763	60
4764	60
4765	60
4766	60
4767	60
4768	60
4769	60
4770	60
4771	60
4772	60
4773	60
4774	60
4775	60
4776	60
4777	60
4778	60
4779	60
4780	60
4781	60
4782	60
4783	60
4784	60
4785	60
4786	60
4787	60
4788	60
4789	60
4790	60
4791	60
4792	60
4793	60
4794	60
4795	60
4796	60
4797	60
4798	60
4799	60
4800	75
4803	75
4804	75
4805	75
4806	75
4807	75
4808	75
4809	75
4811	75
4812	75
4813	75
4814	75
4815	75
4816	75
4818	75
4820	75
4821	75
4822	75
4823	101
4824	75
4826	75
4828	75
4829	75
4830	101
4831	48
4832	48
4833	48
4834	48
4836	48
4837	48
4838	75
4839	75
4841	101
4843	101
4844	101
4845	101
4846	101
4847	48
4848	48
4849	48
4850	48
4851	48
4852	48
4853	48
4855	48
4856	48
4857	48
4858	48
4860	48
4862	48
4863	48
4864	48
4865	48
4866	12
4867	12
4868	57
4869	48
4870	101
4871	101
4872	101
4873	101
4874	101
4875	101
4877	101
4878	101
4879	101
4881	101
4882	101
4883	101
4884	101
4885	101
4886	101
4888	75
4889	75
4890	75
4891	12
4892	12
4893	12
4895	12
4896	12
4897	12
4898	12
4899	12
4900	12
4902	12
4903	12
4904	12
4905	12
4907	12
4908	12
4909	12
4910	12
4911	12
4913	12
4914	12
4915	12
4916	12
4917	24
4918	24
4919	24
4920	24
4921	24
4922	24
4923	24
4924	24
4925	24
4926	24
4927	24
4928	12
4929	12
4930	12
4931	12
4932	12
4933	12
4934	12
4935	12
4936	12
4937	12
4938	12
4939	79
4941	79
4944	113
4945	113
4946	113
4947	113
4948	113
4993	60
4994	60
4995	60
4996	60
4997	60
4998	60
5000	82
5003	74
5014	34
5015	34
5016	34
5018	34
5019	44
5021	22
5022	6
5023	6
5025	6
5026	84
5028	6
5029	65
5030	116
5100	95
5102	53
5103	66
5105	70
5107	78
5108	70
5109	70
5110	29
5111	29
5112	29
5113	29
5114	29
5202	65
5203	65
5206	65
5207	65
5209	14
5210	29
5504	97
5505	97
5507	97
5508	97
5509	97
5512	97
5513	10
5515	97
5518	66
5519	91
5520	25
5521	25
5523	39
5524	82
5526	74
5529	14
5530	83
5533	83
5535	17
5536	55
5538	12
5539	12
5541	75
5546	44
5547	71
5549	26
5552	26
5553	9
5556	23
5557	9
5559	9
7000	10
7002	34
7006	5
7007	5
7008	5
7009	5
7010	25
7011	25
7012	25
7013	25
7014	25
7017	25
7018	25
7019	25
7020	25
7021	39
7022	39
7023	39
7024	25
7025	108
7026	108
7027	5
7028	5
7029	48
7030	48
7031	48
7032	48
7033	48
7034	48
7035	48
7036	48
7037	48
7038	48
7039	48
7040	24
7041	24
7042	24
7043	24
7044	113
7045	75
7046	48
7047	48
7050	75
7051	75
7054	75
7055	75
7057	75
7059	75
7060	75
7064	72
7065	75
7100	34
7101	83
7103	80
7107	84
7110	22
7112	4
7114	37
7115	111
7116	73
7117	73
7118	73
7119	73
7123	13
7125	13
7126	96
7127	13
7129	36
7130	36
7131	63
7132	21
7133	103
7200	69
7201	105
7203	87
7204	7
7206	13
7207	36
7208	7
7209	7
7210	103
7211	52
7410	5
8000	25
8001	25
8002	25
8004	34
8007	101
8008	101
8009	101
8010	67
8011	46
8012	12
8013	12
8014	113
8015	30
8016	30
8017	30
8018	30
8019	80
8022	51
8032	12
8301	48
8302	75
8303	75
8400	9
8401	116
8402	116
8403	106
8500	70
8501	70
8502	39
8503	53
8506	74
8507	74
8508	75
8509	13
8510	13
8511	34
8512	44
8513	44
8514	45
8515	101
8516	29
8517	23
8518	53
8520	47
8521	47
8522	47
8523	47
8524	47
8525	47
8526	120
8527	120
8528	93
8529	93
8530	93
8531	93
8532	93
8533	120
8534	120
8536	120
8537	93
8538	42
8539	42
8540	42
8542	42
8543	44
8544	74
8546	10
8547	18
8548	10
8549	10
8550	65
8551	10
8554	2
8555	2
8556	44
8557	3
8558	15
8559	15
8560	119
8561	15
8562	15
8563	10
8564	10
8565	10
8566	10
8567	10
8568	70
8569	35
8570	74
8571	74
8572	74
8574	31
8575	23
8576	70
8577	68
8578	6
8579	41
8580	81
8581	44
8583	124
8585	101
8586	48
8587	55
8588	2
8589	29
8590	2
8591	31
8592	75
8594	92
8595	74
8596	77
8598	44
8599	97
8600	97
8601	97
9000	93
9001	47
9002	42
9003	108
9004	25
9005	25
9006	11
9007	16
9008	8
9010	74
9011	74
9012	29
9013	35
9014	32
9015	72
9016	64
9017	34
9018	116
9019	10
9020	31
9021	29
9022	75
9023	44
9024	23
9025	78
9026	2
9027	2
9028	75
9029	31
9030	53
9031	71
9033	13
9034	13
9035	13
9036	26
9037	74
9038	53
9039	74
9040	74
9041	17
9043	51
9044	22
9045	22
9046	107
9047	6
9048	6
9049	84
9050	39
9051	2
9052	39
9053	98
9054	76
9055	32
9056	82
9057	82
9058	74
9060	83
9061	44
9062	18
9063	34
9064	74
9065	82
9066	56
9067	55
9068	51
9069	10
9071	17
9072	77
9073	77
9075	26
9076	53
9077	53
9078	65
9079	83
9080	65
9081	22
9083	80
9084	80
9085	65
9086	23
9087	8
9088	66
9089	75
9090	74
9091	65
9092	65
9093	108
9094	1
9095	83
9096	83
9097	83
9098	83
9099	45
9100	45
9101	116
9102	74
9103	4
9104	59
9105	59
9106	16
9107	36
9108	2
9109	70
9110	5
9111	32
9112	32
9113	1
9114	36
9115	36
9116	36
9117	36
9119	13
9120	96
9121	82
9122	65
9123	65
9124	65
9125	3
9126	3
9127	2
9128	123
9129	3
9130	29
9131	69
9133	97
9134	97
9135	70
9136	70
9137	5
9138	39
9140	31
9141	2
9142	68
9143	70
9144	70
9145	70
9146	29
9147	29
9148	29
9149	80
9150	80
9152	50
9153	58
9154	58
9155	58
9156	28
9157	25
9158	25
9159	70
9160	70
9161	17
9162	5
9202	1
9203	2
9204	123
9205	42
9206	17
9207	1
9208	2
9209	80
9211	22
9212	70
9213	68
9214	53
9215	116
9216	6
9217	11
9218	39
9219	39
9220	44
9221	34
9222	34
9223	34
9224	36
9225	17
9226	54
9227	77
9228	74
9229	6
9230	70
9231	2
9232	1
9233	74
9234	66
9235	78
9236	83
9237	77
9238	66
9239	78
9240	66
9241	10
9502	36
9503	13
9551	26
9553	54
9554	17
9555	15
9556	1
9557	128
9558	47
9559	78
9560	66
9561	10
9562	10
9563	66
9564	66
9565	65
9566	6
9567	23
9568	9
9569	17
9570	36
9571	81
9572	17
9573	17
9574	1
9575	1
9576	15
9577	15
9578	15
9579	18
9580	23
9581	119
9582	9
9583	26
9584	44
9585	23
9586	18
9587	81
9588	16
9589	16
9590	55
9591	64
9592	17
9593	64
9594	17
9595	17
9596	17
9597	17
9598	17
9599	17
9601	87
9602	17
9603	103
9604	103
9605	103
9606	1
9607	15
9608	23
9609	23
9610	23
9611	18
9612	9
9613	1
9614	17
9615	17
9616	75
9617	101
9618	82
9619	116
9620	66
9621	10
9622	22
9623	74
9624	80
9626	74
9627	29
9628	58
9629	58
9630	58
9631	10
9632	41
9633	16
9634	16
9635	74
9636	54
9637	3
9638	2
9639	10
9640	13
9641	13
9642	37
9643	51
9644	74
9645	58
9646	58
9647	83
9648	83
9649	59
9650	2
9651	70
9652	22
9653	31
9654	22
9655	39
9656	6
9657	71
9658	32
9659	76
9660	41
9661	35
9662	65
9663	97
9664	10
9665	58
9666	47
9667	47
9668	47
9669	47
9670	77
9671	92
9672	61
9673	22
9674	77
9675	77
9676	78
9677	53
9678	53
9679	25
9680	25
9681	91
9682	77
9683	116
9684	2
9685	47
9686	10
9687	9
9688	14
9689	45
9690	22
9691	82
9692	11
9693	6
9694	32
9695	72
9696	58
9697	72
9698	77
9699	58
9700	25
9701	16
9702	16
9703	97
9704	23
9705	23
9706	55
9707	14
9708	6
9709	75
9710	30
9711	10
9712	18
9714	75
9715	6
9716	59
9717	57
9718	29
9800	2
9801	55
9802	55
9803	23
9804	13
9805	34
9806	17
9807	74
9808	2
9809	2
9810	10
9811	65
9812	13
9813	36
9814	36
9815	97
9816	5
9817	66
9818	33
9819	31
9820	31
9821	17
9822	39
9823	39
9824	4
9825	4
9826	107
9827	75
9828	75
9829	45
9830	45
9831	10
9832	10
9833	10
9834	112
9835	25
9836	116
9837	65
9838	15
9840	70
9841	97
9842	75
9843	74
9844	39
9845	74
9847	92
9848	2
9849	10
9850	36
9851	26
9852	34
9853	77
9854	65
9855	74
9856	74
9857	2
9858	54
9859	11
9860	110
9861	70
9863	34
9864	34
9865	83
9866	75
9867	74
9868	75
9869	3
9870	2
9871	2
9872	17
9873	111
9874	111
9875	37
9876	71
9877	71
9878	71
9879	83
9880	44
9881	17
9882	11
9883	22
9884	75
9885	75
9890	9
9891	9
9892	9
9893	9
9894	54
9895	54
9897	54
9898	47
9899	125
9900	125
9901	125
9903	125
9905	125
9906	125
9907	60
9908	60
9909	60
9910	60
9911	60
9912	40
9913	40
9914	60
9915	60
9916	8
9917	3
9918	81
9919	40
9920	74
9921	25
9922	25
9923	61
9924	112
9925	58
9926	97
9927	13
9928	114
9929	51
9930	37
9931	47
9932	128
9933	82
9934	118
9935	43
9936	40
9937	117
9938	117
9939	117
9940	117
9941	117
9943	132
9944	132
9945	132
9946	132
9947	132
9948	133
9949	133
9950	8
9951	22
9952	25
9953	25
9954	133
9955	133
9956	133
9957	133
9958	133
9959	133
9960	95
9961	54
9962	6
9963	6
9964	15
9965	132
9966	132
9967	55
9968	82
9969	77
9970	65
9971	65
9972	108
9973	106
9974	43
9975	34
9976	82
9977	5
9978	87
9979	5
9981	72
9982	11
9983	5
9984	106
9985	12
