patch	survey_area
1	1H
2	1H
3	1H
4	1H
5	1H
6	1H
7	1H
8	1H
9	1H
10	1H
11	1H
12	1H
13	1H
15	1H
16	1H
17	1H
20	1H
21	1H
23	1H
24	1H
25	1H
27	1H
29	1H
30	1H
31	1H
32	1H
33	1H
35	1H
36	1H
38	1H
39	1H
40	1H
41	1H
42	1H
43	1H
44	1H
45	1H
46	1H
47	1H
48	1H
49	1H
50	1H
51	1H
52	1H
54	1H
55	1H
56	1H
57	1H
58	1H
59	1H
60	1H
61	1H
63	1H
65	1H
68	1H
70	2
71	2
72	2
73	2
74	2
75	2
76	2
77	2
79	2
80	2
81	2
83	2
84	2
85	2
86	2
87	2
88	2
89	2
90	2
91	2
93	2
94	2
96	2
97	2
98	2
99	2
102	2
103	2
104	2
105	2
107	2
108	2
109	2
110	2
111	2
112	2
113	2
114	2
115	2
116	2
117	2
118	3
119	3
120	3
121	1H
122	3
123	3
124	3
125	3
126	3
127	3
128	3
129	3
130	1H
131	3
132	3
133	3
134	3
135	3
136	3
137	3
138	3
139	3
141	3
142	3
143	3
145	3
147	3
148	3
149	3
150	3
152	3
153	3
154	3
155	3
156	3
157	3
158	3
159	4Sa
161	4Sa
163	4Sa
165	4Sa
166	4Sa
167	4Sa
168	4Sa
169	4Sa
170	4Sa
171	4Sa
172	4Sa
173	4Sa
174	4Sa
175	4Sa
176	4Sa
177	4Sa
178	4Sa
179	4Sa
180	4Sa
181	4Sa
182	4Sa
183	4Sa
184	4Sa
185	4Sa
186	4Sa
187	4Sa
189	4Sa
190	4Sa
191	4Sa
192	4Sa
193	4Sa
194	4Sa
195	4Sa
196	4Su
197	4Su
198	4Su
199	4Su
200	4Su
202	4Su
204	5S
205	4Su
206	4Su
207	4Su
208	4Su
209	4Su
210	4Su
211	4Su
212	4Su
213	4Su
214	4Su
215	4Su
216	5S
217	5S
218	5S
219	5S
222	5S
223	5S
224	5S
226	5S
228	5S
229	5S
231	5S
233	5S
235	5S
236	5S
237	5S
238	5S
239	5S
240	5S
241	5S
242	5S
243	5S
244	5S
246	5S
247	5S
248	5S
249	5S
250	5S
251	5S
252	5S
253	5S
254	5S
258	5S
260	5S
262	5S
263	5S
265	5S
266	5S
269	5S
270	5S
271	5S
272	5S
273	5S
274	4Su
275	5S
276	5S
278	5S
279	5S
282	5S
283	5S
284	5S
285	5S
287	5V
288	5V
289	5V
290	5V
291	5V
292	5V
293	6
294	6
295	6
296	6
297	6
298	6
299	4Su
300	6
303	6
304	6
305	6
308	6
309	6
310	6
311	6
312	6
313	6
314	6
316	6
317	7
318	7
319	7
320	7
321	7
323	7
324	7
325	7
326	7
327	7
328	7
329	7
330	7
331	7
332	7
333	7
334	7
336	7
337	7
338	7
339	7
340	7
341	7
342	7
343	7
344	7
345	7
346	7
347	7
348	7
349	7
350	7
351	7
352	7
353	7
355	7
356	7
357	7
358	7
360	7
361	7
362	7
363	8Lu
364	8Lu
365	8Lu
366	4Su
367	8Lu
368	8Lu
369	8Lu
370	8Lu
371	8Lu
372	8Lu
373	8Lu
374	8Lu
375	8Lu
376	8Lu
377	8Lu
378	8Lu
379	8Lu
381	8Lu
383	8Lu
384	8Lu
385	8Lu
386	8Lu
387	1H
389	8Lu
390	8Lu
391	8Lu
392	8Lu
393	8Lu
395	8Lu
396	8Lu
397	8Lu
399	8Lu
400	8Lu
401	8Lu
402	8Lu
403	8Lu
404	8Lu
405	8Lu
406	8Lu
407	8Lu
409	8Lu
410	8Lu
411	8Lu
412	8Lu
413	8Lu
415	8Lu
416	8Lu
417	8Lu
418	8Lu
419	8Lu
421	8Lu
423	7
424	8Lu
426	7
427	7
428	1E
429	2
430	2
432	8Lu
433	8Lu
434	8Lu
436	8Lu
437	8Lu
438	8Lu
439	8Lu
440	8Lu
441	8Lu
442	8Lu
444	8Lu
445	8Lu
446	8Lu
447	8Lu
448	8Lu
449	8Lu
451	8Lu
452	8Lu
453	6
454	6
456	6
457	6
458	6
459	5S
460	7
461	7
462	7
463	7
464	7
465	7
466	7
467	7
468	7
469	7
470	7
471	7
472	7
473	7
474	7
475	7
476	7
477	7
478	6
479	7
480	7
481	7
482	7
483	7
485	8Lu
487	2
488	8Lu
490	8Lu
491	8Lu
492	8Lu
493	8Lu
494	8Lu
499	8Le
500	8Le
501	8Le
502	8Le
503	9
504	9
505	9
506	9
507	6
508	6
509	5S
510	5S
511	5S
514	1H
515	6
516	6
517	6
518	5S
520	1H
521	1H
522	1H
523	1H
525	1H
526	1H
527	1H
529	1H
530	1H
531	1H
532	1H
533	1H
534	1H
535	1H
536	1E
537	1E
538	1E
539	1E
540	1E
541	1H
542	1E
544	1E
545	1E
546	1E
547	1E
548	1E
549	1E
550	1E
551	1E
552	1E
554	1E
555	1E
556	1E
557	1E
558	1E
560	1E
561	1E
564	5S
566	1E
567	1E
568	1E
569	1E
570	1E
571	1E
572	1E
573	1E
575	1E
576	1E
578	1E
579	1E
580	1E
581	1E
582	1E
584	1E
585	1E
586	1E
587	1E
588	1E
589	1E
592	5S
594	1E
595	1E
597	1E
598	1E
599	1E
600	1E
601	1E
602	1E
605	1E
606	1E
607	1E
608	1E
609	1E
610	1E
611	2
613	5S
614	2
615	2
617	2
618	2
619	2
621	2
622	2
623	2
624	2
625	2
626	2
627	2
628	2
629	2
630	2
631	2
633	2
634	2
635	2
636	2
637	2
639	3
640	2
641	2
642	2
644	2
645	2
646	2
647	2
648	2
649	2
650	2
651	2
652	2
653	2
654	2
655	2
656	2
657	3
659	2
660	2
661	2
662	3
663	3
664	3
665	3
666	3
669	5S
672	3
673	3
674	3
675	3
676	3
678	3
679	3
680	3
681	3
682	3
683	3
686	3
687	3
688	3
689	4Su
690	3
691	3
692	3
693	3
695	3
696	3
697	3
700	3
701	3
702	3
703	4Su
705	4Su
706	4Su
707	4Su
708	4Su
709	4Su
710	4Su
711	4Su
712	4Su
713	4Su
714	4Su
715	4Su
716	4Su
717	4Su
718	4Su
721	4Su
722	4Su
724	5S
726	4Su
727	4Su
728	4Su
729	4Su
730	4Su
732	4Su
733	4Su
734	4Su
735	4Su
736	4Su
737	5V
739	5V
740	5V
742	5V
743	5V
744	5S
745	5S
746	6
747	6
749	6
750	6
751	6
752	6
753	6
754	6
755	6
756	6
757	6
758	4Sa
759	6
760	6
761	6
762	6
763	6
764	6
765	6
766	6
767	6
768	6
769	6
771	6
772	6
773	4Sa
774	6
776	6
777	6
778	6
780	6
781	6
782	6
784	6
785	6
790	6
791	6
792	6
793	6
794	6
795	6
796	6
797	6
798	6
799	6
800	6
801	6
802	6
803	6
804	6
805	6
806	6
807	6
810	6
811	6
812	6
813	6
814	6
815	6
816	6
817	6
818	6
819	6
820	6
821	6
822	6
823	6
826	6
827	6
828	6
829	6
831	7
832	7
833	7
834	7
836	7
837	7
838	7
839	7
840	7
841	7
843	7
844	7
845	7
846	7
847	7
848	4Sa
849	7
850	7
851	7
852	7
853	7
854	7
855	7
856	7
857	7
858	7
859	7
860	7
861	7
862	7
863	7
864	7
865	7
866	7
867	7
868	7
869	7
870	7
871	7
872	7
873	7
874	7
875	7
876	7
877	7
878	4Sa
879	7
880	7
882	7
883	7
884	7
885	7
886	7
887	4Sa
888	7
889	9
890	4Sa
891	9
893	9
894	9
896	9
897	9
898	9
902	9
903	9
904	9
905	9
906	9
907	9
908	9
909	9
911	9
912	9
913	9
917	9
918	9
919	9
920	9
921	9
922	9
923	9
924	9
926	9
927	9
928	9
929	9
930	9
931	9
933	9
934	9
935	9
937	4Sa
938	9
939	8Le
940	8Le
941	8Le
942	8Le
943	8Le
944	8Le
945	4Sa
946	8Le
947	8Le
948	8Le
949	8Le
950	4Sa
951	8Le
952	8Le
953	8Le
954	8Le
955	8Le
956	8Le
958	8Le
959	8Le
960	8Le
961	8Le
962	8Le
963	8Le
964	8Le
965	8Le
966	8Le
967	8Le
968	8Le
969	8Le
972	8Le
973	8Le
975	8Le
976	8Le
977	8Le
978	8Le
979	8Lu
980	8Le
981	8Le
982	8Le
984	8Le
985	8Le
986	8Le
987	1H
990	1H
993	2
997	2
999	2
1000	2
1001	2
1002	2
1003	2
1004	3
1005	3
1006	3
1007	3
1008	3
1009	3
1011	3
1012	3
1013	3
1014	4Sa
1016	4Sa
1017	4Sa
1018	4Sa
1019	4Sa
1020	4Su
1021	4Su
1022	4Su
1023	4Su
1025	4Su
1026	4Su
1027	5V
1028	6
1030	6
1031	6
1032	6
1033	6
1034	6
1035	6
1036	6
1037	6
1038	6
1039	6
1040	6
1041	6
1042	6
1043	6
1045	6
1047	1E
1049	1E
1051	1E
1052	1E
1053	1E
1054	5S
1056	1H
1057	1H
1058	1H
1059	8Lu
1060	8Lu
1062	8Lu
1063	8Lu
1064	8Lu
1066	8Lu
1067	8Lu
1068	8Lu
1069	8Lu
1071	1H
1073	2
1074	3
1076	3
1077	3
1078	4Sa
1079	4Sa
1080	4Sa
1081	4Sa
1082	4Su
1083	4Su
1084	6
1085	8Lu
1086	8Lu
1087	5S
1088	8Le
1089	5S
1090	5S
1091	5S
1093	5S
1094	5S
1095	5S
1096	5V
1097	5V
1099	11
1101	11
1102	11
1103	11
1104	11
1105	11
1107	11
1109	11
1113	11
1115	8Lu
1116	8Lu
1117	8Lu
1118	4Sa
1120	8Lu
1121	8Lu
1122	8Lu
1123	8Lu
1124	8Lu
1125	8Lu
1126	8Lu
1127	8Lu
1128	8Lu
1129	8Lu
1130	8Lu
1132	8Lu
1134	8Lu
1135	8Lu
1136	8Le
1137	8Le
1140	8Le
1141	8Le
1142	8Le
1143	8Le
1144	8Le
1145	8Le
1146	8Le
1147	8Le
1149	4Su
1150	4Su
1151	4Su
1152	8Le
1153	8Le
1155	8Le
1157	8Le
1158	4Su
1159	4Su
1160	4Su
1161	8Le
1162	8Le
1163	8Le
1164	8Le
1165	4Su
1166	8Le
1167	8Le
1168	8Le
1169	8Le
1170	8Le
1171	8Le
1172	8Le
1174	8Le
1175	8Le
1176	8Le
1177	8Le
1178	8Le
1179	4Su
1180	8Le
1183	8Le
1184	8Le
1186	4Su
1187	8Le
1188	8Le
1189	8Le
1190	4Su
1192	8Le
1193	8Le
1194	8Le
1195	8Le
1196	8Le
1197	8Le
1198	8Le
1199	8Le
1200	8Le
1201	8Le
1202	8Le
1203	8Le
1204	8Le
1206	8Le
1207	8Le
1208	8Le
1210	8Le
1212	8Le
1213	8Le
1215	8Le
1216	8Le
1219	8Le
1220	8Le
1221	8Le
1222	8Le
1223	8Lu
1224	8Lu
1225	8Lu
1226	10K
1227	10K
1228	10K
1229	10K
1230	10K
1231	10K
1233	10K
1234	10K
1235	10K
1236	10K
1237	10K
1238	10K
1239	10K
1240	10K
1241	10K
1242	10K
1243	10K
1244	10K
1245	10K
1248	10K
1249	10K
1250	10K
1251	10K
1252	10K
1253	10K
1255	10K
1256	10K
1258	10K
1259	10K
1260	10K
1261	10K
1262	10K
1263	10K
1264	10K
1265	10K
1266	10K
1267	10K
1268	10K
1269	10K
1271	10K
1272	10K
1273	10K
1274	10K
1276	10K
1279	10K
1280	10K
1281	10K
1282	10K
1283	10K
1284	10K
1285	10K
1286	10K
1287	10K
1288	10K
1289	10K
1290	10K
1291	10K
1292	10K
1294	10K
1295	10K
1296	10K
1297	10K
1298	10K
1300	10K
1301	10K
1302	10K
1303	10K
1304	10K
1305	10K
1306	10K
1307	10K
1309	10K
1310	10K
1311	10K
1313	10K
1314	10K
1315	10K
1316	10K
1317	10K
1319	10K
1320	10K
1321	10K
1322	10S
1323	10S
1324	10S
1325	10S
1326	10S
1327	10S
1328	10S
1329	10S
1331	10S
1332	10S
1333	10S
1334	10S
1335	10S
1336	10S
1337	10S
1338	10S
1339	10S
1340	10S
1341	10S
1342	10S
1343	10S
1345	10S
1346	10S
1348	10S
1349	10S
1350	10S
1351	10S
1352	10S
1353	10S
1354	10E
1355	10E
1357	10E
1358	10E
1359	10E
1360	10E
1361	10E
1362	8Le
1363	8Le
1364	8Le
1365	8Le
1366	8Le
1367	8Le
1368	8Le
1369	8Le
1370	8Le
1371	8Le
1372	8Le
1373	8Le
1374	8Le
1375	8Le
1377	11
1378	11
1379	11
1380	11
1381	11
1384	11
1385	11
1386	11
1387	11
1389	11
1391	11
1393	11
1394	11
1395	11
1397	11
1398	11
1400	11
1401	11
1402	11
1403	11
1404	11
1405	11
1406	11
1408	11
1410	11
1411	11
1412	11
1413	11
1414	11
1415	11
1416	11
1417	11
1420	11
1423	11
1424	11
1425	9
1427	9
1428	9
1429	9
1430	13
1431	13
1432	13
1433	13
1434	13
1435	13
1436	13
1437	13
1438	13
1439	13
1440	13
1442	13
1443	13
1444	13
1445	13
1446	12
1447	12
1448	12
1449	12
1450	12
1451	12
1452	12
1453	12
1454	12
1455	12
1456	12
1457	12
1458	12
1459	12
1460	12
1461	12
1462	12
1463	12
1464	12
1465	12
1466	12
1467	12
1468	12
1469	12
1470	12
1471	12
1472	12
1473	12
1474	12
1475	12
1476	12
1477	12
1478	12
1479	12
1480	12
1481	12
1482	12
1483	12
1484	12
1485	12
1486	12
1487	12
1488	12
1489	12
1490	12
1491	12
1492	12
1493	12
1494	12
1495	12
1496	12
1497	12
1498	12
1499	12
1500	12
1501	12
1502	12
1503	12
1504	12
1505	12
1506	12
1507	12
1508	12
1509	12
1510	4Su
1512	4Su
1513	5S
1514	13
1515	6
1516	6
1518	6
1519	6
1520	7
1521	8Le
1522	8Le
1526	8Lu
1527	8Lu
1528	9
1529	10S
1530	10E
1532	8Le
1533	8Le
1534	8Le
1535	8Le
1536	8Le
1537	8Le
1538	8Le
1539	8Le
1541	8Lu
1542	5S
1543	5S
1547	3
1549	4Sa
1550	5S
1551	5S
1552	5S
1553	8Lu
1554	7
1555	7
1556	4Sa
1557	2
1558	4Sa
1561	4Sa
1562	4Sa
1563	4Sa
1564	4Sa
1565	4Sa
1566	1H
1567	8Lu
1570	5S
1572	4Sa
1573	6
1575	2
1576	7
1578	4Sa
1579	4Sa
1581	5S
1583	3
1584	3
1585	3
1586	5S
1587	5S
1588	5S
1589	7
1591	8Le
1593	5S
1594	5S
1595	6
1596	7
1597	7
1599	9
1601	8Le
1602	4Sa
1603	4Sa
1604	4Sa
1605	4Sa
1606	4Su
1607	4Su
1608	4Su
1609	4Su
1610	8Le
1611	5S
1612	5S
1613	5S
1614	7
1615	10K
1616	10K
1617	10K
1619	4Su
1621	3
1622	3
1623	4Sa
1624	4Sa
1625	4Sa
1626	4Sa
1627	4Sa
1628	4Sa
1630	3
1631	7
1632	1E
1633	1E
1634	1E
1636	3
1637	8Le
1638	7
1639	3
1640	1E
1641	1E
1642	1E
1643	1E
1645	3
1646	1E
1648	1E
1649	1E
1650	4Su
1652	1E
1654	1E
1655	1E
1656	1E
1658	5S
1660	5S
1663	3
1664	3
1665	3
1666	8Le
1667	1E
1668	1E
1669	1E
1670	1E
1672	1E
1673	1E
1674	1E
1675	1E
1676	1E
1677	1E
1679	5S
1682	3
1683	3
1684	2
1688	4Sa
1689	4Sa
1692	8Lu
1693	8Lu
1694	3
1695	3
1700	1H
1701	5S
1703	1H
1704	3
1705	3
1706	3
1707	5S
1708	1H
1709	1H
1710	6
1711	6
1712	6
1713	6
1714	9
1715	5S
1716	5S
1717	5S
1718	5S
1719	5S
1720	5S
1721	10E
1723	3
1724	7
1725	1H
1726	1E
1728	5S
1729	5S
1732	7
1734	2
1736	7
1738	13
1741	4Su
1743	4Sa
1744	4Su
1745	7
1746	7
1747	7
1748	7
1749	7
1750	7
1752	8Le
1754	8Le
1756	8Lu
1757	8Lu
1758	8Lu
1759	9
1760	9
1762	10E
1763	10K
1764	10K
1765	10K
1766	10K
1767	5S
1768	5S
1769	5S
1770	5S
1771	5S
1772	5S
1773	5S
1774	5S
1775	5S
1778	4Sa
1780	4Sa
1784	4Sa
1785	4Sa
1786	4Sa
1788	4Sa
1790	4Sa
1791	4Sa
1792	4Sa
1793	4Sa
1794	4Sa
1799	4Sa
1800	4Sa
1801	4Sa
1803	4Sa
1805	4Sa
1806	4Sa
1807	4Sa
1808	4Sa
1809	4Sa
1810	4Sa
1812	4Sa
1813	4Sa
1816	4Sa
1818	4Sa
1820	4Sa
1821	4Sa
1823	4Sa
1824	4Sa
1826	4Sa
1829	4Sa
1830	4Sa
1831	4Sa
1832	4Sa
1834	4Sa
1835	4Sa
1836	4Sa
1837	4Sa
1838	4Sa
1839	4Sa
1840	4Sa
1841	4Sa
1843	4Sa
1844	4Sa
1845	4Sa
1846	4Sa
1847	4Sa
1848	4Su
1849	4Su
1851	4Su
1852	4Su
1853	4Sa
1854	4Sa
1855	4Sa
1856	4Sa
1859	4Sa
1860	4Su
1861	4Su
1862	4Su
1863	4Su
1865	4Su
1867	4Su
1868	4Su
1869	4Su
1871	4Su
1872	4Su
1875	4Su
1876	4Su
1879	4Su
1882	4Su
1883	4Su
1884	4Su
1885	4Su
1886	4Su
1888	4Su
1889	4Su
1890	4Su
1891	4Su
1892	4Su
1893	4Su
1894	4Su
1895	4Su
1897	4Su
1898	4Su
1900	5S
1901	4Su
1902	4Su
1905	4Su
1906	4Su
1907	4Su
1908	4Su
1909	4Su
1910	4Su
1911	4Su
1912	4Su
1913	4Su
1915	4Su
1916	4Su
1918	4Su
1919	4Su
1920	4Su
1921	4Su
1922	4Su
1923	4Su
1924	4Su
1925	4Su
1926	4Su
1927	4Su
1928	4Su
1929	4Su
1930	4Su
1931	4Sa
1932	4Sa
1933	4Sa
1934	4Sa
1935	4Sa
1936	4Sa
1938	4Su
1939	4Su
1940	4Su
1941	4Su
1942	4Su
1943	4Su
1944	4Su
1946	4Su
1947	4Su
1948	4Su
1950	4Su
1951	4Su
1952	4Su
1953	4Su
1954	4Su
1955	4Su
1956	4Su
1958	4Su
1959	4Su
1960	4Su
1961	4Su
1962	4Sa
1963	4Sa
1964	4Sa
1965	4Sa
1966	4Sa
1968	4Sa
1970	4Sa
1971	4Sa
1973	4Sa
1974	4Sa
1975	4Sa
1977	4Sa
1978	4Sa
1980	4Sa
1981	4Sa
1982	4Sa
1983	4Sa
1984	4Sa
1985	4Sa
1986	4Sa
1989	4Sa
1990	4Sa
1991	4Sa
1993	4Sa
1995	4Sa
1996	4Sa
1997	4Sa
1998	4Sa
1999	4Sa
2000	4Sa
2001	4Sa
2002	4Sa
2003	4Sa
2004	4Sa
2005	4Sa
2006	4Sa
2007	4Sa
2009	4Sa
2010	4Sa
2011	4Sa
2012	4Sa
2014	4Sa
2016	4Sa
2017	4Sa
2018	3
2021	5S
2023	5S
2024	5S
2025	5S
2027	5S
2029	5S
2031	5S
2032	5S
2033	5S
2034	5S
2035	5S
2037	5S
2038	5S
2040	5S
2041	5S
2042	5S
2043	5S
2044	5S
2046	5S
2047	5S
2048	5S
2049	5S
2050	5S
2051	5S
2052	5S
2053	5S
2054	5S
2055	5S
2056	5S
2057	5S
2058	5S
2059	5S
2060	5S
2061	5S
2063	5S
2064	5S
2068	5S
2069	5S
2070	5S
2071	5S
2072	5S
2073	5S
2075	5S
2076	5S
2077	5S
2079	5S
2080	5S
2081	5S
2082	5S
2085	5S
2086	5S
2087	5S
2089	5S
2090	5S
2091	5S
2093	5S
2094	5S
2095	5S
2097	5S
2098	5S
2099	5S
2100	5S
2101	5S
2102	5S
2103	5S
2104	5S
2105	5S
2106	5S
2107	5S
2108	5S
2110	5S
2111	5S
2112	5S
2113	5S
2115	5S
2117	5S
2118	5S
2119	5S
2120	5S
2121	5S
2122	5S
2124	5S
2127	5S
2128	5S
2129	5S
2130	5S
2132	5S
2134	5S
2135	5S
2136	5S
2137	5S
2138	5S
2139	5S
2140	5S
2141	5S
2143	5S
2144	5S
2145	5S
2148	5S
2149	5S
2151	5S
2152	5S
2153	5S
2155	5S
2156	5S
2157	5S
2158	5S
2159	5S
2160	5S
2161	5S
2162	5S
2164	5S
2165	5S
2166	5S
2167	5S
2168	5S
2169	5S
2170	5S
2171	5S
2172	5S
2173	5S
2174	5S
2175	5S
2177	5S
2178	5S
2179	5S
2180	5S
2181	5S
2182	5S
2183	5S
2186	7
2187	7
2188	7
2189	7
2190	7
2191	7
2192	7
2193	7
2194	7
2195	7
2196	1E
2197	1E
2198	1E
2199	1E
2200	1E
2202	1E
2203	1E
2204	1E
2207	1E
2208	1E
2209	1E
2212	1E
2215	1E
2216	1E
2217	1E
2218	1E
2219	1E
2220	1E
2223	1E
2224	1E
2225	1E
2227	1E
2228	1E
2229	1E
2230	1E
2231	1E
2232	1E
2233	1E
2234	1E
2235	1E
2236	1E
2237	1E
2238	1E
2239	1E
2241	1E
2242	1E
2244	1E
2245	1E
2246	1E
2247	1E
2248	1E
2250	1E
2251	1E
2252	1E
2253	1E
2255	1E
2256	1E
2257	1E
2258	10K
2259	10K
2260	10K
2261	4Su
2262	5S
2264	5S
2265	5S
2266	5S
2267	5S
2268	5S
2271	5S
2273	5S
2274	5S
2276	5S
2277	5S
2278	5S
2279	5S
2282	10K
2283	10K
2284	10K
2285	10K
2286	10K
2287	10K
2288	10K
2289	10K
2291	10K
2292	10K
2293	10K
2294	10K
2295	10K
2297	1E
2298	1E
2299	1E
2300	1E
2302	1E
2304	1E
2305	1E
2306	1E
2307	1E
2309	1E
2310	1E
2311	5S
2312	1E
2313	4Sa
2314	7
2315	5S
2316	5S
2317	4Su
2318	4Su
2319	4Su
2320	4Su
2321	4Su
2322	4Su
2323	4Su
2324	5S
2326	4Su
2328	4Sa
2329	5S
2330	4Sa
2331	10K
2334	10K
2335	10K
2337	10K
2338	10K
2339	10K
2340	10K
2341	10K
2342	10K
2343	10K
2344	10K
2345	10K
2346	10K
2347	10K
2348	10K
2349	10K
2351	10K
2352	10K
2353	10K
2354	10K
2356	10K
2357	10K
2359	10K
2360	10K
2361	10K
2362	10K
2363	10K
2364	10K
2365	10K
2366	10K
2367	10K
2368	10K
2371	10K
2373	10K
2374	10K
2375	10K
2376	10K
2377	10K
2378	10K
2379	10K
2380	10K
2383	10K
2386	10K
2387	10K
2388	10K
2390	10K
2391	10K
2392	10K
2393	10K
2394	10K
2395	10K
2396	10K
2397	10K
2399	10K
2400	10K
2401	10K
2404	10K
2405	10K
2406	10K
2408	10K
2409	10K
2410	10K
2411	10K
2412	10K
2413	10K
2414	10K
2415	10K
2416	10K
2417	10K
2418	10K
2419	10K
2420	10K
2421	10K
2422	10K
2423	10E
2424	10E
2425	10E
2426	10E
2427	10E
2428	10E
2429	10E
2431	10E
2432	10E
2433	10E
2434	10E
2436	10E
2437	10E
2439	10E
2440	10E
2441	10E
2442	10E
2443	10E
2444	10E
2445	10E
2446	10E
2447	10E
2448	10E
2450	10E
2451	10E
2452	10E
2453	10E
2454	10E
2455	10E
2456	10E
2457	10E
2458	10E
2460	10E
2461	10E
2462	10E
2463	10E
2464	10E
2465	10E
2467	10E
2468	10E
2469	10E
2470	10E
2471	10S
2472	10S
2473	10S
2474	10S
2475	10S
2476	10S
2477	10S
2478	10S
2479	10S
2480	10S
2481	10S
2482	10S
2483	10S
2484	10S
2485	10S
2486	10S
2487	10S
2488	10S
2489	10S
2490	10S
2491	10S
2493	10S
2499	10S
2501	10S
2503	10S
2505	10S
2508	10S
2509	10S
2510	10S
2511	10S
2512	10S
2513	10S
2514	10S
2515	10S
2516	10S
2517	10S
2518	10S
2520	10S
2521	10S
2522	10S
2523	10E
2524	10E
2525	10E
2526	10E
2527	10E
2528	10E
2529	10E
2530	10E
2531	10E
2532	10E
2533	10E
2534	10E
2535	10E
2536	10E
2538	10K
2539	10K
2540	10K
2541	8Lu
2542	8Lu
2543	8Lu
2544	8Lu
2545	8Lu
2546	8Lu
2547	8Lu
2548	8Lu
2550	8Lu
2551	8Lu
2553	8Lu
2554	8Lu
2555	8Lu
2557	8Lu
2559	8Lu
2560	8Lu
2561	8Lu
2563	8Lu
2564	8Lu
2566	8Lu
2568	8Lu
2569	8Lu
2570	8Lu
2571	8Lu
2572	8Lu
2573	8Lu
2574	8Lu
2576	8Lu
2577	8Lu
2578	8Lu
2579	8Lu
2583	8Lu
2586	8Lu
2587	8Lu
2589	8Lu
2590	8Lu
2591	8Lu
2592	8Lu
2594	8Lu
2595	8Lu
2596	8Lu
2597	8Lu
2598	8Lu
2601	8Lu
2602	8Lu
2603	8Lu
2604	8Lu
2605	8Lu
2606	8Lu
2607	8Lu
2608	8Lu
2609	8Lu
2610	8Lu
2612	8Lu
2613	8Lu
2614	8Lu
2619	8Lu
2620	8Lu
2621	8Lu
2624	8Lu
2625	8Lu
2627	8Lu
2628	8Lu
2629	8Lu
2630	8Lu
2633	8Lu
2635	8Lu
2636	8Lu
2637	8Lu
2638	8Lu
2639	8Lu
2640	8Lu
2641	8Lu
2642	8Lu
2644	8Lu
2649	8Lu
2652	8Lu
2653	8Lu
2656	8Lu
2659	8Lu
2660	8Lu
2661	8Lu
2662	8Lu
2663	8Lu
2665	8Lu
2666	8Lu
2668	8Lu
2669	8Lu
2670	8Lu
2671	8Lu
2672	8Lu
2673	8Lu
2674	8Lu
2675	8Lu
2677	8Lu
2679	8Lu
2680	8Lu
2681	8Lu
2682	8Lu
2683	8Lu
2684	8Lu
2685	8Lu
2686	8Lu
2687	8Lu
2688	8Lu
2689	8Lu
2691	8Lu
2692	8Lu
2693	8Lu
2694	8Lu
2695	8Lu
2697	8Lu
2699	8Lu
2700	8Lu
2701	8Lu
2702	8Lu
2703	8Lu
2704	8Lu
2705	8Lu
2706	8Lu
2708	8Lu
2709	8Lu
2712	8Lu
2713	8Lu
2714	8Lu
2715	8Lu
2716	8Lu
2717	8Lu
2718	8Lu
2719	8Lu
2720	8Lu
2721	8Lu
2722	8Lu
2723	8Lu
2724	8Lu
2725	8Lu
2728	8Lu
2729	8Lu
2732	8Lu
2739	8Lu
2740	8Lu
2741	8Lu
2746	8Lu
2747	8Lu
2748	8Lu
2752	8Lu
2753	8Lu
2754	8Lu
2755	8Lu
2756	8Lu
2757	8Lu
2758	8Lu
2759	8Lu
2760	8Lu
2761	8Lu
2763	8Lu
2765	8Lu
2770	8Lu
2772	8Lu
2773	8Lu
2774	8Lu
2775	8Lu
2776	8Lu
2777	8Lu
2779	8Lu
2780	8Lu
2781	8Lu
2782	8Lu
2783	8Lu
2785	8Lu
2786	8Lu
2787	8Lu
2788	8Lu
2790	8Lu
2791	8Lu
2793	8Lu
2794	8Lu
2795	8Lu
2796	8Lu
2797	8Lu
2800	8Lu
2802	8Lu
2803	8Lu
2804	8Lu
2807	8Lu
2809	8Lu
2810	8Lu
2811	8Lu
2813	8Lu
2814	8Lu
2815	8Lu
2816	8Le
2817	8Le
2818	8Le
2819	8Le
2820	8Le
2821	8Le
2822	8Le
2824	8Le
2826	8Le
2827	8Le
2828	8Le
2829	8Le
2832	8Le
2833	8Le
2834	8Le
2835	8Le
2836	8Le
2838	8Le
2840	8Le
2844	8Le
2845	8Le
2846	8Le
2847	8Le
2848	8Le
2849	8Le
2850	8Le
2851	8Le
2852	8Le
2854	9
2856	9
2860	9
2861	9
2866	9
2867	9
2868	9
2870	9
2871	9
2872	9
2874	9
2875	9
2876	9
2878	9
2879	9
2881	9
2882	9
2883	9
2884	9
2885	9
2886	9
2887	9
2890	9
2891	8Le
2892	8Le
2893	8Le
2894	8Le
2897	5S
2898	5S
2899	5S
2900	5S
2901	5S
2902	5S
2904	5S
2905	5S
2906	4Sa
2907	8Lu
2908	4Sa
2909	4Sa
2910	4Sa
2911	8Le
2913	8Le
2915	5V
2916	5V
2917	5V
2918	5V
2919	5V
2921	5V
2922	5V
2923	5V
2924	5V
2925	5V
2926	5V
2927	5V
2928	5V
2929	5V
2931	5V
2933	5V
2934	5V
2935	5V
2936	5V
2937	5V
2940	5V
2941	5V
2942	5V
2943	5V
2944	5V
2945	5V
2946	5V
2947	5V
2948	5V
2949	5V
2950	5V
2951	5V
2952	5V
2953	5V
2954	5V
2955	5V
2956	5V
2957	5V
2958	5V
2959	5V
2960	5V
2961	5V
2962	5V
2963	5V
2964	5V
2965	5V
2966	5V
2967	5V
2968	5V
2969	5V
2970	5V
2972	5V
2973	5V
2974	5V
2975	5V
2976	5V
2977	5V
2979	5V
2980	5V
2981	5V
2982	5V
2983	5V
2984	5V
2985	5V
2986	5V
2988	5V
2989	5V
2990	5V
2991	5V
2992	5V
2993	5V
2994	5V
2995	5V
2996	5V
2997	5V
2998	5V
3000	5V
3001	5V
3002	5V
3003	5V
3004	5V
3005	5V
3006	5V
3007	5V
3008	5V
3009	5V
3010	5V
3011	5V
3013	5V
3014	5V
3015	5V
3016	5V
3018	5V
3021	5V
3022	5V
3023	5V
3024	5V
3025	5V
3026	5V
3027	5V
3028	5V
3029	5V
3030	5V
3031	5V
3032	5V
3033	5V
3034	5V
3035	5V
3036	5V
3037	5V
3039	5V
3040	5V
3041	5V
3042	5V
3043	5V
3044	5V
3045	5V
3046	5V
3047	5V
3048	5V
3049	5V
3050	5V
3051	5V
3052	5V
3053	5V
3054	5V
3055	5V
3056	5V
3057	5V
3058	5V
3060	5V
3061	5V
3062	5V
3063	5V
3064	5V
3065	5V
3066	5V
3068	5V
3069	5V
3070	5V
3071	5V
3072	5V
3073	5V
3074	5V
3075	5V
3076	5V
3077	5V
3078	5V
3080	5V
3083	5V
3084	5V
3085	5V
3086	5V
3087	5V
3090	5V
3091	5V
3092	5V
3093	5V
3094	5V
3095	5V
3096	5V
3097	5V
3098	5V
3099	5V
3100	5V
3101	5V
3102	5V
3103	5V
3104	5V
3105	5V
3106	5V
3107	5V
3108	5V
3110	5V
3111	5V
3113	5V
3115	5V
3116	5V
3117	5V
3118	5V
3119	5V
3120	5V
3121	5V
3122	5V
3123	5V
3124	5V
3125	5V
3127	5V
3128	5V
3130	5V
3131	5V
3132	5V
3133	5V
3134	5V
3135	5V
3136	5V
3137	5V
3138	5V
3141	5V
3143	5V
3144	5V
3146	5V
3147	5V
3148	5V
3151	5V
3153	5V
3154	5V
3155	5V
3156	5V
3157	5V
3159	5V
3160	5V
3161	5V
3165	5V
3166	5V
3167	5V
3168	5V
3170	5V
3171	1E
3172	1E
3174	1E
3175	1E
3176	1E
3177	1E
3178	1E
3179	1E
3180	1E
3181	1E
3182	1E
3183	1E
3184	1E
3185	1H
3186	1H
3187	1H
3188	1H
3189	1H
3190	1H
3192	2
3193	2
3194	2
3195	2
3196	2
3197	2
3198	2
3199	2
3200	2
3201	2
3202	2
3203	2
3204	2
3205	2
3206	2
3207	2
3208	2
3210	4Sa
3211	4Sa
3212	4Sa
3213	4Sa
3214	4Sa
3215	4Sa
3216	4Sa
3217	4Sa
3218	4Sa
3219	4Sa
3220	4Sa
3222	4Sa
3223	4Sa
3224	4Sa
3225	4Sa
3226	4Sa
3227	4Sa
3228	4Sa
3229	4Sa
3230	4Sa
3231	4Sa
3232	4Sa
3233	4Sa
3234	4Sa
3236	4Sa
3237	4Sa
3238	4Sa
3239	4Sa
3241	4Sa
3245	4Sa
3246	4Sa
3248	4Su
3251	5S
3254	5V
3256	5V
3257	5V
3258	5V
3260	6
3262	7
3263	7
3265	8Le
3266	8Le
3267	8Le
3268	8Le
3269	8Le
3271	8Le
3272	8Le
3273	8Le
3274	8Le
3275	8Le
3276	8Le
3280	10K
3281	10K
3282	13
3283	13
3285	8Le
3286	8Le
3287	8Le
3288	8Le
3289	8Le
3290	8Le
3292	8Le
3293	8Le
3294	8Le
3295	8Le
3296	8Le
3297	8Le
3298	8Le
3299	8Le
3300	2
3301	2
3302	2
3303	2
3304	2
3305	2
3307	2
3308	2
3310	2
3318	2
3319	2
3320	2
3321	2
3322	2
3323	2
3324	3
3325	7
3326	7
3328	7
3332	8Lu
3333	8Lu
3334	8Lu
3335	7
3336	6
3337	7
3339	7
3340	7
3341	7
3342	6
3343	7
3344	7
3345	7
3346	7
3347	7
3348	7
3349	7
3350	2
3351	2
3353	2
3354	2
3357	2
3358	2
3359	2
3361	2
3362	2
3363	2
3364	2
3365	2
3368	2
3369	2
3372	2
3373	2
3374	2
3375	2
3376	2
3377	2
3378	2
3379	1H
3380	1H
3381	1H
3382	1H
3383	1H
3385	1H
3387	1H
3388	1H
3389	1H
3392	8Le
3393	7
3394	8Le
3396	8Le
3398	7
3399	8Lu
3400	9
3401	8Le
3404	8Le
3406	8Le
3407	8Le
3408	8Le
3409	8Le
3411	8Le
3418	8Le
3419	8Le
3424	8Le
3425	8Le
3426	8Le
3427	8Le
3429	8Le
3430	8Le
3431	8Le
3432	8Le
3433	8Le
3434	8Le
3435	8Le
3436	8Le
3437	8Le
3438	8Le
3440	8Le
3442	8Le
3445	8Le
3446	8Le
3447	8Le
3448	8Le
3449	8Le
3450	8Le
3451	8Le
3452	8Le
3453	8Le
3454	8Le
3456	8Le
3457	8Le
3459	8Le
3460	8Le
3461	8Le
3462	8Le
3463	8Le
3467	8Le
3469	8Le
3470	8Le
3471	8Le
3472	8Le
3477	8Le
3481	8Le
3483	8Le
3485	8Le
3488	8Le
3489	8Le
3491	8Le
3496	8Le
3497	8Le
3498	8Le
3500	8Le
3501	8Le
3502	8Le
3503	8Le
3504	8Le
3505	7
3508	7
3509	7
3510	7
3511	7
3512	7
3513	7
3514	7
3515	7
3516	7
3517	7
3518	7
3521	7
3523	7
3525	7
3527	7
3528	7
3529	7
3530	7
3531	7
3532	7
3533	7
3534	7
3537	7
3538	7
3541	7
3543	7
3544	7
3545	7
3546	7
3547	7
3550	7
3551	7
3552	7
3553	7
3555	7
3556	7
3557	7
3558	7
3559	7
3562	7
3563	7
3564	7
3565	3
3566	3
3568	3
3569	7
3570	7
3571	7
3572	7
3577	7
3578	7
3579	7
3580	7
3582	7
3583	7
3586	7
3587	7
3588	7
3589	7
3590	7
3591	7
3592	7
3594	7
3596	7
3597	7
3598	7
3599	7
3600	7
3601	7
3602	7
3603	7
3604	7
3606	7
3607	7
3608	7
3610	7
3612	7
3613	7
3614	6
3616	7
3617	7
3618	7
3619	7
3620	7
3621	7
3622	7
3623	7
3624	1E
3625	1E
3626	1E
3627	1E
3628	1E
3629	1E
3630	1E
3631	6
3632	1E
3633	1E
3634	1H
3635	1H
3636	1H
3637	1H
3639	1H
3640	1H
3642	1H
3643	1H
3645	1H
3646	9
3647	9
3648	9
3650	9
3651	9
3652	9
3653	13
3654	13
3655	13
3656	13
3658	13
3659	13
3660	13
3661	9
3662	9
3663	9
3664	9
3666	9
3668	9
3669	9
3670	9
3671	9
3672	9
3673	9
3674	9
3675	9
3676	9
3677	9
3678	9
3679	13
3680	13
3681	13
3682	13
3683	13
3684	13
3685	13
3686	13
3687	13
3688	13
3705	14
3706	14
3707	14
3708	14
3709	14
3710	14
3711	14
3712	14
3713	14
3714	14
3715	14
3716	14
3717	14
3718	14
3719	14
3720	14
3721	14
3722	14
3723	14
3724	14
3725	14
3726	14
3727	14
3728	14
3729	14
3730	14
3731	6
3732	3
3735	1E
3736	1H
3737	1H
3738	1H
3739	1H
3740	1H
3741	1H
3742	1H
3743	1H
3744	1H
3745	1H
3746	1H
3748	1H
3749	1H
3750	1H
3752	1H
3753	1H
3754	1H
3756	1H
3758	1H
3761	1H
3762	1H
3764	1H
3766	1H
3768	1H
3769	1H
3770	1H
3771	1H
3773	1H
3774	1H
3775	1H
3777	1H
3778	6
3779	2
3780	2
3782	2
3784	3
3785	3
3791	4Sa
3792	9
3793	9
3794	9
3796	9
3797	10S
3798	10K
3799	10K
3800	10K
3801	11
3804	5V
3805	5V
3806	9
3807	9
3900	8Le
3902	8Le
3903	8Le
3904	8Le
3905	8Le
3906	8Le
3910	8Le
3911	8Le
3913	8Le
3914	8Lu
3915	8Lu
3916	8Lu
3917	8Lu
3918	8Lu
3920	8Lu
3922	8Lu
3923	8Lu
3924	8Lu
3926	8Lu
3927	8Lu
3929	8Lu
3930	8Lu
3932	8Le
3934	8Lu
3936	9
3938	8Le
3939	9
3940	8Le
3950	4Sa
3951	7
3952	7
3953	7
3954	4Su
3955	4Su
3956	4Su
3957	4Su
3959	3
3960	3
3961	3
3963	3
3965	1H
3966	3
3967	3
3969	5S
3970	7
3973	8Le
3974	8Le
3976	8Le
3977	9
3978	9
3979	9
3980	9
3981	9
3982	9
3983	9
3984	9
3985	10K
3988	10K
3990	10K
3991	9
3992	9
4000	7
4002	4Sa
4003	4Sa
4004	4Sa
4005	4Sa
4006	4Sa
4008	4Sa
4009	4Sa
4010	3
4011	3
4013	3
4014	3
4015	3
4016	3
4018	3
4019	3
4020	3
4021	3
4022	3
4024	3
4025	3
4026	3
4027	3
4028	3
4029	3
4030	3
4032	3
4033	3
4034	3
4035	3
4036	3
4037	3
4038	3
4040	3
4041	3
4042	3
4043	3
4044	3
4045	3
4046	3
4047	3
4048	3
4049	3
4050	3
4051	3
4052	3
4054	3
4056	3
4057	3
4058	3
4059	3
4060	3
4061	3
4062	3
4065	3
4068	3
4069	3
4070	3
4071	3
4073	3
4074	3
4075	3
4077	3
4078	3
4080	3
4082	3
4085	3
4086	3
4087	3
4088	3
4089	3
4090	3
4091	3
4093	3
4095	3
4096	3
4098	3
4099	3
4100	3
4101	3
4102	3
4103	3
4104	3
4105	3
4107	3
4108	3
4109	4Sa
4111	4Sa
4112	4Sa
4115	3
4117	3
4118	3
4119	3
4120	3
4122	3
4124	3
4125	3
4126	3
4127	3
4129	3
4132	3
4133	3
4134	3
4136	3
4137	3
4138	3
4139	3
4141	3
4142	3
4143	3
4144	3
4145	3
4146	3
4150	3
4153	3
4154	3
4155	3
4158	3
4160	3
4161	3
4162	3
4163	3
4164	3
4165	3
4166	3
4167	3
4169	3
4170	3
4171	3
4172	3
4173	3
4174	3
4175	3
4176	3
4177	3
4178	3
4179	3
4180	3
4181	3
4182	3
4183	3
4184	3
4185	3
4187	7
4188	7
4189	7
4190	2
4191	2
4192	2
4193	2
4195	2
4196	2
4198	2
4199	2
4200	2
4202	2
4203	2
4204	2
4205	2
4206	2
4207	2
4208	2
4209	2
4211	2
4212	3
4213	3
4215	2
4216	2
4217	2
4218	2
4219	2
4220	2
4221	2
4222	2
4223	2
4224	2
4225	2
4226	3
4227	3
4228	3
4229	3
4230	3
4231	3
4233	3
4234	3
4235	3
4236	3
4238	3
4239	3
4240	3
4241	3
4242	3
4243	3
4244	3
4245	3
4246	3
4248	3
4249	3
4250	3
4251	3
4252	3
4253	3
4255	3
4256	3
4258	3
4259	3
4260	3
4261	3
4262	3
4263	3
4264	3
4265	3
4266	3
4267	3
4268	3
4269	3
4270	3
4272	3
4273	3
4274	3
4275	3
4276	3
4277	3
4278	3
4279	3
4281	3
4283	3
4284	3
4285	3
4286	3
4289	3
4290	3
4291	3
4292	3
4293	3
4294	3
4296	3
4297	3
4298	3
4299	3
4300	3
4301	3
4302	3
4304	3
4305	3
4306	3
4307	3
4308	3
4309	3
4310	3
4311	3
4312	3
4313	3
4314	3
4315	3
4316	3
4317	5V
4318	5V
4319	5V
4320	5V
4321	5V
4322	5V
4323	5V
4324	5V
4325	5V
4326	3
4328	3
4330	3
4331	3
4332	3
4333	3
4334	3
4335	3
4336	3
4337	3
4338	3
4339	3
4340	3
4341	3
4342	3
4343	3
4344	3
4345	3
4346	3
4347	3
4348	3
4349	3
4350	3
4353	3
4354	3
4355	3
4358	3
4359	3
4361	3
4362	3
4363	3
4364	3
4365	3
4366	3
4367	3
4369	3
4370	3
4371	3
4372	3
4373	3
4374	3
4375	3
4377	3
4378	3
4379	3
4380	3
4381	3
4382	3
4383	3
4384	3
4385	3
4386	3
4387	3
4388	3
4389	3
4390	3
4391	3
4392	3
4393	3
4394	3
4395	3
4396	3
4397	3
4398	3
4401	3
4402	3
4403	3
4404	3
4405	3
4406	3
4407	3
4409	3
4411	3
4412	3
4413	3
4414	3
4416	3
4417	3
4418	7
4419	7
4420	7
4421	7
4424	7
4425	7
4426	7
4427	7
4428	7
4429	7
4430	7
4431	7
4432	7
4433	7
4434	6
4435	6
4436	6
4437	6
4438	6
4439	6
4440	6
4442	6
4443	6
4444	6
4445	6
4447	6
4448	7
4449	7
4450	7
4451	6
4453	6
4454	6
4457	6
4458	6
4459	6
4462	6
4463	6
4464	6
4465	6
4466	6
4467	6
4469	6
4470	6
4472	6
4473	6
4474	6
4475	6
4476	6
4477	6
4478	6
4479	6
4480	6
4481	6
4483	6
4484	6
4485	6
4486	6
4487	6
4488	6
4489	6
4490	6
4491	6
4492	6
4493	6
4494	6
4495	6
4498	6
4500	6
4501	6
4502	6
4503	6
4504	6
4507	6
4508	6
4509	6
4510	6
4511	6
4512	6
4513	6
4515	6
4516	6
4517	6
4518	6
4519	6
4521	6
4524	6
4525	6
4526	6
4527	6
4528	6
4529	6
4531	6
4532	6
4534	6
4538	6
4539	6
4540	6
4541	6
4542	6
4543	6
4544	6
4546	6
4547	6
4549	1H
4551	1H
4553	1H
4554	1H
4555	1H
4557	1H
4565	1H
4566	1H
4567	1H
4568	1H
4570	1H
4571	1H
4572	1H
4574	6
4575	6
4576	6
4577	6
4578	6
4579	6
4580	6
4581	6
4582	6
4583	6
4584	6
4585	6
4586	6
4587	6
4588	6
4589	6
4591	6
4592	6
4593	6
4595	1H
4596	1H
4598	1H
4599	6
4601	6
4603	6
4604	6
4607	6
4609	6
4610	6
4611	6
4612	6
4615	6
4616	6
4618	6
4620	6
4621	6
4622	6
4623	6
4625	6
4626	6
4627	6
4628	6
4629	6
4631	6
4632	6
4633	6
4634	6
4635	6
4637	6
4639	6
4640	6
4641	6
4642	6
4643	6
4644	6
4645	6
4646	6
4647	6
4648	6
4649	6
4650	6
4651	6
4653	6
4655	6
4657	6
4658	6
4660	6
4661	6
4662	6
4663	6
4664	6
4667	6
4668	6
4670	6
4671	6
4672	6
4673	6
4674	6
4676	6
4677	6
4678	6
4679	6
4680	6
4681	6
4683	6
4684	6
4685	6
4686	6
4687	7
4692	6
4693	6
4696	6
4698	6
4699	6
4700	6
4701	6
4702	6
4703	6
4704	6
4706	9
4707	14
4708	14
4709	14
4710	14
4711	14
4712	14
4713	14
4714	14
4715	14
4716	14
4717	14
4718	14
4719	14
4720	14
4721	14
4722	14
4723	14
4724	14
4725	14
4726	14
4727	14
4728	14
4729	14
4730	14
4731	14
4732	14
4733	14
4734	14
4735	14
4736	14
4737	14
4738	14
4739	14
4740	14
4741	14
4742	14
4743	14
4744	14
4745	14
4746	14
4747	14
4748	14
4749	14
4750	14
4751	14
4752	14
4753	14
4754	14
4755	14
4756	14
4757	14
4758	14
4759	14
4760	14
4761	14
4762	14
4763	14
4764	14
4765	14
4766	14
4767	14
4768	14
4769	14
4770	14
4771	14
4772	14
4773	14
4774	14
4775	14
4776	14
4777	14
4778	14
4779	14
4780	14
4781	14
4782	14
4783	14
4784	14
4785	14
4786	14
4787	14
4788	14
4789	14
4790	14
4791	14
4792	14
4793	14
4794	14
4795	14
4796	14
4797	14
4798	14
4799	14
4800	9
4803	9
4804	9
4805	9
4806	9
4807	9
4808	9
4809	9
4811	9
4812	9
4813	9
4814	9
4815	9
4816	9
4818	9
4820	9
4821	9
4822	9
4823	9
4824	9
4826	9
4828	9
4829	9
4830	9
4831	9
4832	9
4833	9
4834	9
4836	9
4837	9
4838	9
4839	9
4841	9
4843	9
4844	9
4845	9
4846	9
4847	9
4848	9
4849	9
4850	9
4851	9
4852	9
4853	9
4855	9
4856	9
4857	9
4858	9
4860	9
4862	9
4863	9
4864	9
4865	9
4866	9
4867	9
4868	6
4869	9
4870	9
4871	9
4872	9
4873	9
4874	9
4875	9
4877	9
4878	9
4879	9
4881	9
4882	9
4883	9
4884	9
4885	9
4886	9
4888	9
4889	9
4890	9
4891	9
4892	9
4893	9
4895	9
4896	9
4897	9
4898	9
4899	9
4900	9
4902	9
4903	9
4904	9
4905	9
4907	9
4908	9
4909	9
4910	9
4911	9
4913	9
4914	9
4915	9
4916	9
4917	9
4918	9
4919	9
4920	9
4921	9
4922	9
4923	9
4924	9
4925	9
4926	9
4927	9
4928	9
4929	9
4930	9
4931	9
4932	9
4933	9
4934	9
4935	9
4936	9
4937	9
4938	9
4939	9
4941	9
4944	9
4945	9
4946	9
4947	9
4948	9
4993	14
4994	14
4995	14
4996	14
4997	14
4998	14
5000	4Sa
5003	5S
5014	11
5015	11
5016	11
5018	11
5019	13
5021	3
5022	3
5023	3
5025	3
5026	3
5028	3
5029	4Sa
5030	1H
5100	8Lu
5102	6
5103	1H
5105	1H
5107	1H
5108	1H
5109	1H
5110	6
5111	6
5112	6
5113	6
5114	6
5202	4Sa
5203	4Sa
5206	4Sa
5207	4Sa
5209	7
5210	6
5504	1E
5505	1E
5507	1E
5508	1E
5509	1E
5512	1E
5513	1E
5515	1E
5518	1H
5519	1H
5520	2
5521	2
5523	3
5524	4Sa
5526	5S
5529	7
5530	7
5533	7
5535	8Lu
5536	8Lu
5538	9
5539	9
5541	9
5546	13
5547	5V
5549	8Le
5552	8Le
5553	8Le
5556	8Le
5557	8Le
5559	8Le
7000	1E
7002	11
7006	2
7007	2
7008	2
7009	2
7010	2
7011	2
7012	2
7013	2
7014	2
7017	2
7018	2
7019	2
7020	2
7021	2
7022	2
7023	2
7024	2
7025	2
7026	2
7027	2
7028	2
7029	9
7030	9
7031	9
7032	9
7033	9
7034	9
7035	9
7036	9
7037	9
7038	9
7039	9
7040	9
7041	9
7042	9
7043	9
7044	9
7045	9
7046	9
7047	9
7050	9
7051	9
7054	9
7055	9
7057	9
7059	9
7060	9
7064	7
7065	9
7100	11
7101	7
7103	7
7107	3
7110	3
7112	2
7114	5V
7115	5V
7116	5V
7117	5V
7118	5V
7119	5V
7123	10K
7125	10K
7126	10K
7127	10K
7129	10S
7130	10S
7131	10E
7132	10E
7133	5V
7200	6
7201	6
7203	5V
7204	5V
7206	10K
7207	10S
7208	5V
7209	5V
7210	5V
7211	5V
7410	2
8000	2
8001	2
8002	2
8004	2
8007	9
8008	9
8009	9
8010	9
8011	9
8012	9
8013	9
8014	9
8015	9
8016	9
8017	9
8018	9
8019	7
8022	5V
8032	9
8301	9
8302	9
8303	9
8400	8Le
8401	1H
8402	1H
8403	7
8500	1H
8501	1H
8502	2
8503	3
8506	5S
8507	5S
8508	9
8509	10K
8510	10K
8511	11
8512	13
8513	13
8514	1E
8515	9
8516	6
8517	8Le
8518	6
8520	1E
8521	1E
8522	1E
8523	1E
8524	1E
8525	1E
8526	1E
8527	1E
8528	1E
8529	1E
8530	1E
8531	1E
8532	1E
8533	1E
8534	1E
8536	1E
8537	1E
8538	1E
8539	1E
8540	1E
8542	1E
8543	13
8544	5S
8546	1E
8547	8Le
8548	1E
8549	1E
8550	4Sa
8551	1E
8554	4Su
8555	4Su
8556	13
8557	4Su
8558	8Le
8559	8Le
8560	8Le
8561	8Le
8562	8Le
8563	1E
8564	1E
8565	1E
8566	1E
8567	1E
8568	1H
8569	6
8570	5S
8571	5S
8572	5S
8574	3
8575	8Le
8576	1H
8577	6
8578	3
8579	6
8580	4Sa
8581	13
8583	4Su
8585	9
8586	9
8587	8Lu
8588	4Su
8589	6
8590	5S
8591	3
8592	9
8594	4Sa
8595	5S
8596	5S
8598	13
8599	1E
8600	1E
8601	1E
9000	1E
9001	1E
9002	1E
9003	2
9004	2
9005	2
9006	3
9007	4Sa
9008	7
9010	5S
9011	5S
9012	6
9013	6
9014	6
9015	7
9016	8Lu
9017	11
9018	1H
9019	1E
9020	3
9021	6
9022	9
9023	13
9024	8Le
9025	1H
9026	4Su
9027	4Su
9028	9
9029	3
9030	3
9031	5V
9033	10K
9034	10K
9035	10K
9036	8Le
9037	5S
9038	3
9039	5S
9040	5S
9041	8Lu
9043	5V
9044	3
9045	3
9046	3
9047	3
9048	3
9049	3
9050	3
9051	4Su
9052	3
9053	6
9054	6
9055	6
9056	4Sa
9057	4Sa
9058	5S
9060	7
9061	13
9062	8Le
9063	11
9064	5S
9065	4Sa
9066	8Le
9067	8Lu
9068	5V
9069	1E
9071	8Lu
9072	5S
9073	5S
9075	8Le
9076	3
9077	3
9078	4Sa
9079	7
9080	4Sa
9081	3
9083	7
9084	7
9085	4Sa
9086	8Le
9087	7
9088	1H
9089	9
9090	5S
9091	4Sa
9092	4Sa
9093	2
9094	8Lu
9095	7
9096	7
9097	7
9098	7
9099	1E
9100	1E
9101	1H
9102	5S
9103	2
9104	1E
9105	1E
9106	4Sa
9107	10S
9108	5S
9109	1H
9110	2
9111	6
9112	6
9113	8Lu
9114	10S
9115	10S
9116	10S
9117	10S
9119	10K
9120	10K
9121	4Sa
9122	4Sa
9123	4Sa
9124	4Sa
9125	4Su
9126	4Su
9127	5S
9128	4Sa
9129	4Su
9130	6
9131	6
9133	1E
9134	1E
9135	1H
9136	1H
9137	2
9138	3
9140	3
9141	4Su
9142	6
9143	1H
9144	1H
9145	1H
9146	6
9147	6
9148	6
9149	7
9150	7
9152	6
9153	7
9154	7
9155	7
9156	6
9157	2
9158	2
9159	1H
9160	1H
9161	8Lu
9162	2
9202	8Le
9203	4Su
9204	4Sa
9205	1E
9206	8Lu
9207	8Lu
9209	7
9211	3
9212	3
9213	6
9214	6
9215	1H
9216	3
9217	3
9218	2
9219	2
9220	13
9221	11
9222	11
9223	11
9224	10S
9225	8Lu
9226	5S
9227	5S
9228	5S
9229	3
9230	1H
9231	5S
9232	8Lu
9233	5S
9234	1H
9235	1H
9236	7
9237	5S
9238	1H
9239	1H
9240	1H
9241	1E
9502	10S
9503	10K
9551	8Le
9553	5S
9554	8Lu
9555	8Le
9556	8Lu
9557	1H
9558	1E
9559	1H
9560	1H
9561	1E
9562	1E
9563	1H
9564	1H
9565	4Sa
9566	3
9567	8Le
9568	8Le
9569	8Lu
9570	10S
9571	4Sa
9572	8Lu
9573	8Lu
9574	8Lu
9575	8Lu
9576	8Le
9577	8Le
9578	8Le
9579	8Le
9580	8Le
9581	8Le
9582	8Le
9583	8Le
9584	13
9585	8Le
9586	8Le
9587	4Sa
9588	4Sa
9589	4Sa
9590	8Lu
9591	8Lu
9592	8Lu
9593	8Lu
9594	8Lu
9595	8Lu
9596	8Lu
9597	8Lu
9598	8Lu
9599	8Lu
9601	5V
9602	8Lu
9603	5V
9604	5V
9605	5V
9606	8Le
9607	8Le
9608	8Le
9609	8Le
9610	8Le
9611	8Le
9612	8Le
9613	8Lu
9614	8Lu
9615	8Lu
9616	9
9617	9
9618	4Sa
9619	1H
9620	1H
9621	1E
9622	3
9623	5S
9624	7
9626	5S
9627	6
9628	7
9629	7
9630	7
9631	1E
9632	6
9633	4Su
9634	4Su
9635	5S
9636	5S
9637	5S
9638	5S
9639	1E
9640	10K
9641	10K
9642	5V
9643	5V
9644	5S
9645	7
9646	7
9647	7
9648	7
9649	1H
9650	4Su
9651	1H
9652	3
9653	3
9654	3
9655	2
9656	3
9657	5V
9658	6
9659	6
9660	6
9661	6
9662	4Sa
9663	1E
9664	1E
9665	7
9666	1E
9667	1E
9668	1E
9669	1E
9670	5S
9671	4Sa
9672	2
9673	3
9674	4Su
9675	5S
9676	1H
9677	6
9678	6
9679	2
9680	2
9681	1H
9682	4Su
9683	1H
9684	4Su
9685	1E
9686	1E
9687	8Le
9688	7
9689	1E
9690	3
9691	4Sa
9692	3
9693	3
9694	6
9695	7
9696	7
9697	7
9698	4Su
9699	7
9700	2
9701	4Sa
9702	4Su
9703	1E
9704	8Le
9705	8Le
9706	8Lu
9707	7
9708	3
9709	9
9710	9
9711	1E
9712	8Le
9714	9
9715	3
9716	1E
9717	6
9718	6
9800	5S
9801	8Lu
9802	8Lu
9803	8Le
9804	10K
9805	11
9806	8Lu
9807	5S
9808	5S
9809	5S
9810	1E
9811	4Sa
9812	10K
9813	10S
9814	10S
9815	1E
9816	2
9817	1H
9818	3
9819	3
9820	3
9821	8Lu
9822	2
9823	2
9824	2
9825	2
9826	3
9827	9
9828	9
9829	1E
9830	1E
9831	1E
9832	1E
9833	1E
9834	2
9835	2
9836	2
9837	4Sa
9838	8Le
9840	1H
9841	1E
9842	9
9843	5S
9844	2
9845	5S
9847	4Sa
9848	5S
9849	1E
9850	10S
9851	8Le
9852	11
9853	4Su
9854	4Sa
9855	5S
9856	5S
9857	5S
9858	5S
9859	3
9860	1H
9861	1H
9863	2
9864	2
9865	7
9866	9
9867	5S
9868	9
9869	4Su
9870	4Su
9871	5S
9872	8Lu
9873	5V
9874	5V
9875	5V
9876	5V
9877	5V
9878	5V
9879	7
9880	13
9881	8Lu
9882	3
9883	3
9884	9
9885	9
9890	8Le
9891	8Le
9892	8Le
9893	8Le
9894	5S
9895	5S
9897	5S
9898	1E
9899	8Le
9900	8Le
9901	8Le
9903	8Le
9905	8Le
9906	8Le
9907	14
9908	14
9909	14
9910	14
9911	14
9912	14
9913	14
9914	14
9915	14
9916	7
9917	4Su
9918	4Sa
9919	14
9920	5S
9921	2
9922	2
9923	11
9924	2
9925	7
9926	1E
9927	10K
9928	6
9929	5V
9930	5V
9931	1E
9932	1H
9933	4Sa
9934	12
9935	14
9936	14
9937	15
9938	15
9939	15
9940	15
9941	15
9943	15
9944	15
9945	15
9946	15
9947	15
9948	15
9949	15
9950	3
9951	3
9952	2
9953	2
9954	15
9955	15
9956	15
9957	15
9958	15
9959	15
9960	8Lu
9961	5S
9962	3
9963	3
9964	8Le
9965	15
9966	15
9967	8Lu
9968	4Sa
9969	4Su
9970	4Sa
9971	4Sa
9972	2
9973	7
9974	14
9975	11
9976	4Sa
9977	2
9978	5V
9979	2
9981	7
9982	3
9983	2
9984	7
9985	9
